,ID,time,xloc,yloc,lane,speed,acceleration,length-smoothed,width-smoothed,type-most-common,ACC,old_xloc,old_yloc
45288,536,82.2,30.341750000000047,0.0,-2,8.61825,-0.6325,2.91,4.44,small-vehicle,No,30.341750000000047,158.55
45289,536,82.3,31.203575,0.03999999999999204,-2,8.555,-0.5825,2.92,4.4,small-vehicle,No,31.203575,158.59
45290,536,82.4,32.05907499999989,0.06999999999999318,-2,8.49675,-0.5325,2.92,4.36,small-vehicle,No,32.05907499999989,158.62
45291,536,82.5,32.908750000000055,0.09999999999999432,-2,8.4435,-0.4775,2.93,4.32,small-vehicle,No,32.908750000000055,158.65
45292,536,82.6,33.753099999999904,0.12999999999999545,-2,8.39575,-0.4275,2.93,4.29,small-vehicle,No,33.753099999999904,158.68
45293,536,82.7,34.5926750000001,0.1699999999999875,-2,8.353,-0.38,2.94,4.25,small-vehicle,No,34.5926750000001,158.72
45294,536,82.8,35.42797500000006,0.19999999999998863,-2,8.315,-0.3275,2.94,4.22,small-vehicle,No,35.42797500000006,158.75
45295,536,82.9,36.259475000000066,0.22999999999998977,-2,8.28225,-0.2775,2.95,4.19,small-vehicle,No,36.259475000000066,158.78
45296,536,83.0,37.08770000000004,0.2599999999999909,-2,8.2545,-0.28,2.95,4.16,small-vehicle,No,37.08770000000004,158.81
45297,536,83.1,37.91315000000009,0.28999999999999204,-2,8.2265,-0.2825,2.96,4.13,small-vehicle,No,37.91315000000009,158.84
45298,536,83.2,38.73579999999993,0.3199999999999932,-2,8.19825,-0.2325,2.96,4.1,small-vehicle,No,38.73579999999993,158.87
45299,536,83.3,39.555624999999964,0.3499999999999943,-2,8.175,-0.2325,2.97,4.08,small-vehicle,No,39.555624999999964,158.9
45300,536,83.4,40.37312500000007,0.3699999999999761,-2,8.15175,-0.235,2.97,4.06,small-vehicle,No,40.37312500000007,158.92
45301,536,83.5,41.18830000000003,0.39999999999997726,-2,8.12825,-0.1875,2.97,4.03,small-vehicle,No,41.18830000000003,158.95
45302,536,83.6,42.001125,0.4299999999999784,-2,8.1095,-0.1875,2.98,4.01,small-vehicle,No,42.001125,158.98
45303,536,83.7,42.81207500000005,0.45999999999997954,-2,8.09075,-0.1875,2.98,4.0,small-vehicle,No,42.81207500000005,159.01
45304,536,83.8,43.62114999999994,0.47999999999998977,-2,8.072,-0.1375,2.98,3.98,small-vehicle,No,43.62114999999994,159.03
45305,536,83.9,44.42834999999991,0.5099999999999909,-2,8.05825,-0.1375,2.99,3.96,small-vehicle,No,44.42834999999991,159.06
45306,536,84.0,45.23417500000005,0.5300000000000011,-2,8.0445,-0.14,2.99,3.95,small-vehicle,No,45.23417500000005,159.08
45307,536,84.1,46.03862499999991,0.5600000000000023,-2,8.0305,-0.09,2.99,3.94,small-vehicle,No,46.03862499999991,159.11
45308,536,84.2,46.841674999999896,0.5799999999999841,-2,8.0215,-0.0375,2.99,3.93,small-vehicle,No,46.841674999999896,159.13
45309,536,84.3,47.643825000000106,0.6099999999999852,-2,8.01775,-0.0375,2.99,3.92,small-vehicle,No,47.643825000000106,159.16
45310,536,84.4,48.44560000000001,0.6299999999999955,-2,8.014,-0.04,3.0,3.91,small-vehicle,No,48.44560000000001,159.18
45311,536,84.5,49.24700000000007,0.6499999999999773,-2,8.01,0.0125,3.0,3.91,small-vehicle,No,49.24700000000007,159.2
45312,536,84.6,50.048,0.6699999999999875,-2,8.01125,0.0125,3.0,3.9,small-vehicle,No,50.048,159.22
45313,536,84.7,50.84912499999996,0.6899999999999977,-2,8.0125,0.0625,3.0,3.9,small-vehicle,No,50.84912499999996,159.24
45314,536,84.8,51.65037499999994,0.7199999999999989,-2,8.01875,0.115,3.0,3.9,small-vehicle,No,51.65037499999994,159.27
45315,536,84.9,52.45225000000005,0.7399999999999807,-2,8.03025,0.1125,3.0,3.9,small-vehicle,No,52.45225000000005,159.29
45316,536,85.0,53.25527499999998,0.7599999999999909,-2,8.0415,0.11,3.0,3.9,small-vehicle,No,53.25527499999998,159.31
45317,536,85.1,54.05942499999992,0.7699999999999818,-2,8.0525,0.16,3.0,3.9,small-vehicle,No,54.05942499999992,159.32
45318,536,85.2,54.864675000000034,0.789999999999992,-2,8.0685,0.16,3.0,3.9,small-vehicle,No,54.864675000000034,159.34
45319,536,85.3,55.671524999999974,0.8100000000000023,-2,8.0845,0.1075,3.0,3.9,small-vehicle,No,55.671524999999974,159.36
45320,536,85.4,56.47997499999997,0.8299999999999841,-2,8.09525,0.105,3.0,3.9,small-vehicle,No,56.47997499999997,159.38
45321,536,85.5,57.28950000000009,0.8499999999999943,-2,8.10575,0.105,3.0,3.9,small-vehicle,No,57.28950000000009,159.4
45322,536,85.6,58.10007500000006,0.8699999999999761,-2,8.11625,0.0525,3.0,3.9,small-vehicle,No,58.10007500000006,159.42
45323,536,85.7,58.91170000000011,0.8799999999999955,-2,8.1215,0.05,3.0,3.9,small-vehicle,No,58.91170000000011,159.43
45324,536,85.8,59.723850000000084,0.8999999999999773,-2,8.1265,0.05,3.0,3.9,small-vehicle,No,59.723850000000084,159.45
45325,536,85.9,60.53649999999993,0.9199999999999875,-2,8.1315,4.55e-11,3.0,3.9,small-vehicle,No,60.53649999999993,159.47
45326,536,86.0,61.34965000000011,0.9299999999999784,-2,8.1315,-0.0525,3.0,3.9,small-vehicle,No,61.34965000000011,159.48
45327,536,86.1,62.16280000000006,0.9499999999999886,-2,8.12625,-0.0525,3.0,3.9,small-vehicle,No,62.16280000000006,159.5
45328,536,86.2,62.97542500000009,0.9699999999999989,-2,8.121,-0.0025,3.0,3.9,small-vehicle,No,62.97542500000009,159.52
45329,536,86.3,63.78752499999996,0.9899999999999807,-2,8.12075,-0.055,3.0,3.9,small-vehicle,No,63.78752499999996,159.54
45330,536,86.4,64.59960000000001,1.0,-2,8.11525,-0.0525,3.0,3.9,small-vehicle,No,64.59960000000001,159.55
45331,536,86.5,65.41112500000008,1.0199999999999818,-2,8.11,-0.0025,3.0,3.9,small-vehicle,No,65.41112500000008,159.57
45332,536,86.6,66.222125,1.039999999999992,-2,8.10975,-0.0525,3.0,3.9,small-vehicle,No,66.222125,159.59
45333,536,86.7,67.0331000000001,1.049999999999983,-2,8.1045,-0.05,3.0,3.9,small-vehicle,No,67.0331000000001,159.6
45334,536,86.8,67.84355000000005,1.0699999999999932,-2,8.0995,1.15e-11,3.0,3.9,small-vehicle,No,67.84355000000005,159.62
45335,536,86.9,68.6534999999999,1.079999999999984,-2,8.0995,-4.55e-11,3.0,3.9,small-vehicle,No,68.6534999999999,159.63
45336,536,87.0,69.46344999999997,1.0999999999999943,-2,8.0995,3.4e-11,3.0,3.9,small-vehicle,No,69.46344999999997,159.65
45337,536,87.1,70.27340000000004,1.1099999999999852,-2,8.0995,3.42e-11,3.0,3.9,small-vehicle,No,70.27340000000004,159.66
45338,536,87.2,71.08335000000011,1.1299999999999955,-2,8.0995,-3.42e-11,3.0,3.9,small-vehicle,No,71.08335000000011,159.68
45339,536,87.3,71.89329999999995,1.1499999999999773,-2,8.0995,0.0025,3.0,3.9,small-vehicle,No,71.89329999999995,159.7
45340,536,87.4,72.70325000000003,1.1599999999999966,-2,8.09975,0.0025,3.0,3.9,small-vehicle,No,72.70325000000003,159.71
45341,536,87.5,73.51322499999992,1.1799999999999784,-2,8.1,0.05,3.0,3.9,small-vehicle,No,73.51322499999992,159.73
45342,536,87.6,74.3232250000001,1.1899999999999977,-2,8.105,0.0525,3.0,3.9,small-vehicle,No,74.3232250000001,159.74
45343,536,87.7,75.13372499999991,1.2099999999999795,-2,8.11025,0.0025,3.0,3.9,small-vehicle,No,75.13372499999991,159.76
45344,536,87.8,75.94475000000011,1.2199999999999989,-2,8.1105,0.05,3.0,3.9,small-vehicle,No,75.94475000000011,159.77
45345,536,87.9,76.75579999999991,1.2399999999999807,-2,8.1155,0.0525,3.0,3.9,small-vehicle,No,76.75579999999991,159.79
45346,536,88.0,77.56735000000003,1.25,-2,8.12075,0.0525,3.0,3.9,small-vehicle,No,77.56735000000003,159.8
45347,536,88.1,78.37942500000008,1.2699999999999818,-2,8.126,0.05,3.0,3.9,small-vehicle,No,78.37942500000008,159.82
45348,536,88.2,79.19202500000006,1.2800000000000011,-2,8.131,-3.43e-11,3.0,3.9,small-vehicle,No,79.19202500000006,159.83
45349,536,88.3,80.00512499999991,1.299999999999983,-2,8.131,0.0525,3.0,3.9,small-vehicle,No,80.00512499999991,159.85
45350,536,88.4,80.81822499999998,1.3100000000000023,-2,8.13625,0.0525,3.0,3.9,small-vehicle,No,80.81822499999998,159.86
45351,536,88.5,81.63184999999999,1.329999999999984,-2,8.1415,3.39e-11,3.0,3.9,small-vehicle,No,81.63184999999999,159.88
45352,536,88.6,82.44599999999991,1.339999999999975,-2,8.1415,0.05,3.0,3.9,small-vehicle,No,82.44599999999991,159.89
45353,536,88.7,83.26015000000007,1.3599999999999852,-2,8.1465,0.05,3.0,3.9,small-vehicle,No,83.26015000000007,159.91
45354,536,88.8,84.0748000000001,1.3699999999999761,-2,8.1515,3.43e-11,3.0,3.9,small-vehicle,No,84.0748000000001,159.92
45355,536,88.9,84.88995,1.3899999999999864,-2,8.1515,0.05,3.0,3.9,small-vehicle,No,84.88995,159.94
45356,536,89.0,85.7050999999999,1.3999999999999773,-2,8.1565,0.05,3.0,3.9,small-vehicle,No,85.7050999999999,159.95
45357,536,89.1,86.52074999999991,1.4199999999999875,-2,8.1615,3.43e-11,3.0,3.9,small-vehicle,No,86.52074999999991,159.97
45358,536,89.2,87.33690000000001,1.4299999999999784,-2,8.1615,0.05,3.0,3.9,small-vehicle,No,87.33690000000001,159.98
45359,536,89.3,88.1530499999999,1.4499999999999886,-2,8.1665,0.05,3.0,3.9,small-vehicle,No,88.1530499999999,160.0
45360,536,89.4,88.9697000000001,1.4599999999999795,-2,8.1715,0.05,3.0,3.9,small-vehicle,No,88.9697000000001,160.01
45361,536,89.5,89.78684999999996,1.4799999999999898,-2,8.1765,0.0525,3.0,3.9,small-vehicle,No,89.78684999999996,160.03
45362,536,89.6,90.60449999999992,1.4899999999999807,-2,8.18175,0.0025,3.0,3.9,small-vehicle,No,90.60449999999992,160.04
45363,536,89.7,91.42267500000003,1.509999999999991,-2,8.182,0.05,3.0,3.9,small-vehicle,No,91.42267500000003,160.06
45364,536,89.8,92.24087499999996,1.5199999999999818,-2,8.187,0.05,3.0,3.9,small-vehicle,No,92.24087499999996,160.07
45365,536,89.9,93.059575,1.539999999999992,-2,8.192,0.05,3.0,3.9,small-vehicle,No,93.059575,160.09
45366,536,90.0,93.8787749999999,1.549999999999983,-2,8.197,0.05,3.0,3.9,small-vehicle,No,93.8787749999999,160.1
45367,536,90.1,94.69847499999992,1.5699999999999932,-2,8.202,0.05,3.0,3.9,small-vehicle,No,94.69847499999992,160.12
45368,536,90.2,95.51867500000003,1.579999999999984,-2,8.207,0.05,3.0,3.9,small-vehicle,No,95.51867500000003,160.13
45369,536,90.3,96.33937500000002,1.5999999999999943,-2,8.212,-1.11e-11,3.0,3.9,small-vehicle,No,96.33937500000002,160.15
45370,536,90.4,97.16057500000011,1.6099999999999852,-2,8.212,0.05,3.0,3.9,small-vehicle,No,97.16057500000011,160.16
45371,536,90.5,97.98177499999997,1.6299999999999955,-2,8.217,0.05,3.0,3.9,small-vehicle,No,97.98177499999997,160.18
45372,536,90.6,98.80347499999993,1.6399999999999864,-2,8.222,-5.65e-11,3.0,3.9,small-vehicle,No,98.80347499999993,160.19
45373,536,90.7,99.625675,1.6599999999999966,-2,8.222,0.05,3.0,3.9,small-vehicle,No,99.625675,160.21
45374,536,90.8,100.44787500000007,1.6699999999999875,-2,8.227,0.05,3.0,3.9,small-vehicle,No,100.44787500000007,160.22
45375,536,90.9,101.27057500000001,1.6899999999999977,-2,8.232,-0.0025,3.0,3.9,small-vehicle,No,101.27057500000001,160.24
45376,536,91.0,102.09377500000005,1.6999999999999886,-2,8.23175,-0.0025,3.0,3.9,small-vehicle,No,102.09377500000005,160.25
45377,536,91.1,102.91695000000004,1.7199999999999989,-2,8.2315,0.05,3.0,3.9,small-vehicle,No,102.91695000000004,160.27
45378,536,91.2,103.74009999999998,1.7299999999999898,-2,8.2365,0.05,3.0,3.9,small-vehicle,No,103.74009999999998,160.28
45379,536,91.3,104.56375000000003,1.75,-2,8.2415,7.99e-11,3.0,3.9,small-vehicle,No,104.56375000000003,160.3
45380,536,91.4,105.38789999999995,1.759999999999991,-2,8.2415,-0.0025,3.0,3.9,small-vehicle,No,105.38789999999995,160.31
45381,536,91.5,106.21205000000009,1.7800000000000011,-2,8.24125,-0.0025,3.0,3.9,small-vehicle,No,106.21205000000009,160.33
45382,536,91.6,107.03617499999996,1.789999999999992,-2,8.241,-5.65e-11,3.0,3.9,small-vehicle,No,107.03617499999996,160.34
45383,536,91.7,107.860275,1.8100000000000023,-2,8.241,-0.0525,3.0,3.9,small-vehicle,No,107.860275,160.36
45384,536,91.8,108.68437500000005,1.8199999999999932,-2,8.23575,-0.055,2.99,3.9,small-vehicle,No,108.68437500000005,160.37
45385,536,91.9,109.50794999999994,1.839999999999975,-2,8.23025,-0.055,2.99,3.91,small-vehicle,No,109.50794999999994,160.39
45386,536,92.0,110.33097500000008,1.8499999999999943,-2,8.22475,-0.105,2.99,3.91,small-vehicle,No,110.33097500000008,160.4
45387,536,92.1,111.15345000000002,1.8599999999999852,-2,8.21425,-0.1575,2.99,3.92,small-vehicle,No,111.15345000000002,160.41
45388,536,92.2,111.97487500000011,1.8799999999999955,-2,8.1985,-0.2125,2.99,3.93,small-vehicle,No,111.97487500000011,160.43
45389,536,92.3,112.79472499999997,1.8899999999999864,-2,8.17725,-0.265,2.98,3.93,small-vehicle,No,112.79472499999997,160.44
45390,536,92.4,113.61245000000008,1.8999999999999773,-2,8.15075,-0.365,2.98,3.95,small-vehicle,No,113.61245000000008,160.45
45391,536,92.5,114.42752500000006,1.9199999999999875,-2,8.11425,-0.4175,2.98,3.96,small-vehicle,No,114.42752500000006,160.47
45392,536,92.6,115.23894999999993,1.9299999999999784,-2,8.0725,-0.47,2.97,3.97,small-vehicle,No,115.23894999999993,160.48
45393,536,92.7,116.0462,1.9399999999999977,-2,8.0255,-0.57,2.97,3.98,small-vehicle,No,116.0462,160.49
45394,536,92.8,116.84875000000011,1.9599999999999795,-2,7.9685,-0.6225,2.96,4.0,small-vehicle,No,116.84875000000011,160.51
45395,536,92.9,117.64560000000006,1.9699999999999989,-2,7.90625,-0.675,2.96,4.01,small-vehicle,No,117.64560000000006,160.52
45396,536,93.0,118.43622499999992,1.9799999999999898,-2,7.83875,-0.775,2.95,4.03,small-vehicle,No,118.43622499999992,160.53
45397,536,93.1,119.2201,1.9899999999999807,-2,7.76125,-0.825,2.95,4.05,small-vehicle,No,119.2201,160.54
45398,536,93.2,119.9962250000001,2.0,-2,7.67875,-0.8775,2.94,4.07,small-vehicle,No,119.9962250000001,160.55
45399,536,93.3,120.7641000000001,2.019999999999982,-2,7.591,-0.9275,2.94,4.09,small-vehicle,No,120.7641000000001,160.57
45400,536,93.4,121.52320000000009,2.030000000000001,-2,7.49825,-0.975,2.93,4.11,small-vehicle,No,121.52320000000009,160.58
45401,536,93.5,122.27302499999996,2.039999999999992,-2,7.40075,-1.025,2.92,4.14,small-vehicle,No,122.27302499999996,160.59
45402,536,93.6,123.0130999999999,2.049999999999983,-2,7.29825,-1.075,2.92,4.16,small-vehicle,No,123.0130999999999,160.6
45403,536,93.7,123.74292500000001,2.0600000000000023,-2,7.19075,-1.125,2.91,4.19,small-vehicle,No,123.74292500000001,160.61
45404,536,93.8,124.46199999999999,2.069999999999993,-2,7.07825,-1.125,2.9,4.21,small-vehicle,No,124.46199999999999,160.62
45405,536,93.9,125.16982499999995,2.079999999999984,-2,6.96575,-1.175,2.9,4.24,small-vehicle,No,125.16982499999995,160.63
45406,536,94.0,125.86640000000011,2.089999999999975,-2,6.84825,-1.2225,2.89,4.27,small-vehicle,No,125.86640000000011,160.64
45407,536,94.1,126.55122499999993,2.0999999999999943,-2,6.726,-1.2725,2.88,4.3,small-vehicle,No,126.55122499999993,160.65
45408,536,94.2,127.22382500000003,2.109999999999985,-2,6.59875,-1.325,2.87,4.33,small-vehicle,No,127.22382500000003,160.66
45409,536,94.3,127.88370000000009,2.119999999999976,-2,6.46625,-1.3725,2.87,4.37,small-vehicle,No,127.88370000000009,160.67
45410,536,94.4,128.53032499999995,2.1299999999999955,-2,6.329,-1.4225,2.86,4.4,small-vehicle,No,128.53032499999995,160.68
45411,536,94.5,129.163225,2.1399999999999864,-2,6.18675,-1.4725,2.85,4.44,small-vehicle,No,129.163225,160.69
45412,536,94.6,129.78189999999995,2.1499999999999773,-2,6.0395,-1.5225,2.84,4.47,small-vehicle,No,129.78189999999995,160.7
45413,536,94.7,130.3858499999999,2.1499999999999773,-2,5.88725,-1.575,2.83,4.51,small-vehicle,No,130.3858499999999,160.7
45414,536,94.8,130.97457499999996,2.1599999999999966,-2,5.72975,-1.625,2.82,4.55,small-vehicle,No,130.97457499999996,160.71
45415,536,94.9,131.54755,2.1699999999999875,-2,5.56725,-1.625,2.81,4.59,small-vehicle,No,131.54755,160.72
45416,536,95.0,132.10427499999992,2.1799999999999784,-2,5.40475,-1.6725,2.8,4.63,small-vehicle,No,132.10427499999992,160.73
45417,536,95.1,132.64474999999993,2.1899999999999977,-2,5.2375,-1.7725,2.79,4.68,small-vehicle,No,132.64474999999993,160.74
45418,536,95.2,133.1685,2.1899999999999977,-2,5.06025,-1.7725,2.79,4.72,small-vehicle,No,133.1685,160.74
45419,536,95.3,133.6745249999999,2.1999999999999886,-2,4.883,-1.7175,2.78,4.76,small-vehicle,No,133.6745249999999,160.75
45420,536,95.4,134.1628250000001,2.2099999999999795,-2,4.71125,-1.715,2.77,4.8,small-vehicle,No,134.1628250000001,160.76
45421,536,95.5,134.6339499999999,2.219999999999999,-2,4.53975,-1.7125,2.76,4.83,small-vehicle,No,134.6339499999999,160.77
45422,536,95.6,135.08792500000004,2.2299999999999898,-2,4.3685,-1.6575,2.75,4.87,small-vehicle,No,135.08792500000004,160.78
45423,536,95.7,135.5247750000001,2.2399999999999807,-2,4.20275,-1.6025,2.75,4.91,small-vehicle,No,135.5247750000001,160.79
45424,536,95.8,135.94505000000004,2.25,-2,4.0425,-1.4975,2.74,4.94,small-vehicle,No,135.94505000000004,160.8
45425,536,95.9,136.34930000000008,2.259999999999991,-2,3.89275,-1.3925,2.73,4.97,small-vehicle,No,136.34930000000008,160.81
45426,536,96.0,136.73857500000008,2.259999999999991,-2,3.7535,-1.3375,2.73,5.0,small-vehicle,No,136.73857500000008,160.81
45427,536,96.1,137.1139250000001,2.269999999999982,-2,3.61975,-1.235,2.72,5.03,small-vehicle,No,137.1139250000001,160.82
45428,536,96.2,137.4758999999999,2.280000000000001,-2,3.49625,-1.13,2.72,5.06,small-vehicle,No,137.4758999999999,160.83
45429,536,96.3,137.82552499999997,2.289999999999992,-2,3.38325,-1.025,2.71,5.09,small-vehicle,No,137.82552499999997,160.84
45430,536,96.4,138.1638499999999,2.299999999999983,-2,3.28075,-0.975,2.71,5.12,small-vehicle,No,138.1638499999999,160.85
45431,536,96.5,138.49192500000004,2.3100000000000023,-2,3.18325,-0.8725,2.7,5.15,small-vehicle,No,138.49192500000004,160.86
45432,536,96.6,138.81025,2.319999999999993,-2,3.096,-0.7175,2.7,5.17,small-vehicle,No,138.81025,160.87
45433,536,96.7,139.11985000000004,2.329999999999984,-2,3.02425,-0.6675,2.7,5.2,small-vehicle,No,139.11985000000004,160.88
45434,536,96.8,139.4222749999999,2.329999999999984,-2,2.9575,-0.62,2.69,5.22,small-vehicle,No,139.4222749999999,160.88
45435,536,96.9,139.7180249999999,2.339999999999975,-2,2.8955,-0.5675,2.69,5.24,small-vehicle,No,139.7180249999999,160.89
45436,536,97.0,140.0075750000001,2.3499999999999943,-2,2.83875,-0.5175,2.69,5.27,small-vehicle,No,140.0075750000001,160.9
45437,536,97.1,140.29144999999994,2.359999999999985,-2,2.787,-0.42,2.68,5.29,small-vehicle,No,140.29144999999994,160.91
45438,536,97.2,140.57015,2.369999999999976,-2,2.745,-0.3725,2.68,5.3,small-vehicle,No,140.57015,160.92
45439,536,97.3,140.84465,2.3799999999999955,-2,2.70775,-0.3725,2.68,5.32,small-vehicle,No,140.84465,160.93
45440,536,97.4,141.11542499999996,2.3899999999999864,-2,2.6705,-0.32,2.68,5.34,small-vehicle,No,141.11542499999996,160.94
45441,536,97.5,141.3824750000001,2.3999999999999773,-2,2.6385,-0.22,2.67,5.36,small-vehicle,No,141.3824750000001,160.95
45442,536,97.6,141.64632499999993,2.4099999999999966,-2,2.6165,-0.17,2.67,5.37,small-vehicle,No,141.64632499999993,160.96
45443,536,97.7,141.90797500000008,2.4199999999999875,-2,2.5995,-0.1225,2.67,5.38,small-vehicle,No,141.90797500000008,160.97
45444,536,97.8,142.16792499999997,2.4299999999999784,-2,2.58725,-0.0725,2.66,5.4,small-vehicle,No,142.16792499999997,160.98
45445,536,97.9,142.4266500000001,2.4399999999999977,-2,2.58,-0.02,2.66,5.41,small-vehicle,No,142.4266500000001,160.99
45446,536,98.0,142.68464999999992,2.4499999999999886,-2,2.578,0.0275,2.66,5.42,small-vehicle,No,142.68464999999992,161.0
45447,536,98.1,142.94245,2.469999999999999,-2,2.58075,0.0775,2.66,5.43,small-vehicle,No,142.94245,161.02
45448,536,98.2,143.20052499999997,2.4799999999999898,-2,2.5885,0.1275,2.66,5.44,small-vehicle,No,143.20052499999997,161.03
45449,536,98.3,143.4593749999999,2.4899999999999807,-2,2.60125,0.1775,2.65,5.45,small-vehicle,No,143.4593749999999,161.04
45450,536,98.4,143.71949999999993,2.5,-2,2.619,0.2775,2.65,5.45,small-vehicle,No,143.71949999999993,161.05
45451,536,98.5,143.9813999999999,2.509999999999991,-2,2.64675,0.3275,2.65,5.46,small-vehicle,No,143.9813999999999,161.06
45452,536,98.6,144.24607500000002,2.519999999999982,-2,2.6795,0.3275,2.65,5.46,small-vehicle,No,144.24607500000002,161.07
45453,536,98.7,144.51402499999995,2.530000000000001,-2,2.71225,0.4275,2.64,5.47,small-vehicle,No,144.51402499999995,161.08
45454,536,98.8,144.7852499999999,2.539999999999992,-2,2.755,0.4775,2.64,5.47,small-vehicle,No,144.7852499999999,161.09
45455,536,98.9,145.0607500000001,2.5600000000000023,-2,2.80275,0.475,2.64,5.48,small-vehicle,No,145.0607500000001,161.11
45456,536,99.0,145.34102499999995,2.569999999999993,-2,2.85025,0.5225,2.64,5.48,small-vehicle,No,145.34102499999995,161.12
45457,536,99.1,145.62605000000008,2.579999999999984,-2,2.9025,0.5225,2.63,5.48,small-vehicle,No,145.62605000000008,161.13
45458,536,99.2,145.9163000000001,2.589999999999975,-2,2.95475,0.52,2.63,5.49,small-vehicle,No,145.9163000000001,161.14
45459,536,99.3,146.211775,2.589999999999975,-2,3.00675,0.5175,2.63,5.49,small-vehicle,No,146.211775,161.14
45460,536,99.4,146.51244999999994,2.5999999999999943,-2,3.0585,0.5675,2.62,5.5,small-vehicle,No,146.51244999999994,161.15
45461,536,99.5,146.8182999999999,2.609999999999985,-2,3.11525,0.565,2.62,5.5,small-vehicle,No,146.8182999999999,161.16
45462,536,99.6,147.12982499999998,2.619999999999976,-2,3.17175,0.5125,2.62,5.51,small-vehicle,No,147.12982499999998,161.17
45463,536,99.7,147.4469999999999,2.6299999999999955,-2,3.223,0.56,2.61,5.51,small-vehicle,No,147.4469999999999,161.18
45464,536,99.8,147.76929999999993,2.6399999999999864,-2,3.279,0.56,2.61,5.52,small-vehicle,No,147.76929999999993,161.19
45465,536,99.9,148.09719999999993,2.6499999999999773,-2,3.335,0.56,2.61,5.52,small-vehicle,No,148.09719999999993,161.2
45466,536,100.0,148.4306999999999,2.6599999999999966,-2,3.391,0.5575,2.6,5.52,small-vehicle,No,148.4306999999999,161.21
45467,536,100.1,148.76980000000003,2.6699999999999875,-2,3.44675,0.5575,2.6,5.53,small-vehicle,No,148.76980000000003,161.22
45468,536,100.2,149.11447500000008,2.6799999999999784,-2,3.5025,0.61,2.59,5.53,small-vehicle,No,149.11447500000008,161.23
45469,536,100.3,149.46472500000004,2.6899999999999977,-2,3.5635,0.6075,2.59,5.53,small-vehicle,No,149.46472500000004,161.24
45470,536,100.4,149.82107500000006,2.6999999999999886,-2,3.62425,0.555,2.59,5.54,small-vehicle,No,149.82107500000006,161.25
45471,536,100.5,150.1835000000001,2.719999999999999,-2,3.67975,0.555,2.58,5.54,small-vehicle,No,150.1835000000001,161.27
45472,536,100.6,150.55147499999998,2.7299999999999898,-2,3.73525,0.5525,2.58,5.54,small-vehicle,No,150.55147499999998,161.28
45473,536,100.7,150.92499999999995,2.7399999999999807,-2,3.7905,0.55,2.57,5.55,small-vehicle,No,150.92499999999995,161.29
45474,536,100.8,151.30404999999996,2.75,-2,3.8455,0.55,2.57,5.55,small-vehicle,No,151.30404999999996,161.3
45475,536,100.9,151.68859999999995,2.759999999999991,-2,3.9005,0.4475,2.57,5.55,small-vehicle,No,151.68859999999995,161.31
45476,536,101.0,152.07864999999993,2.769999999999982,-2,3.94525,0.4475,2.57,5.56,small-vehicle,No,152.07864999999993,161.32
45477,536,101.1,152.47317500000008,2.780000000000001,-2,3.99,0.445,2.56,5.56,small-vehicle,No,152.47317500000008,161.33
45478,536,101.2,152.87217499999997,2.789999999999992,-2,4.0345,0.3925,2.56,5.56,small-vehicle,No,152.87217499999997,161.34
45479,536,101.3,153.275625,2.799999999999983,-2,4.07375,0.3975,2.56,5.56,small-vehicle,No,153.275625,161.35
45480,536,101.4,153.683,2.8100000000000023,-2,4.1135,0.3975,2.56,5.56,small-vehicle,No,153.683,161.36
45481,536,101.5,154.09435000000008,2.819999999999993,-2,4.15325,0.3975,2.55,5.55,small-vehicle,No,154.09435000000008,161.37
45482,536,101.6,154.50967500000002,2.829999999999984,-2,4.193,0.45,2.55,5.54,small-vehicle,No,154.50967500000002,161.38
45483,536,101.7,154.92897500000004,2.839999999999975,-2,4.238,0.45,2.55,5.53,small-vehicle,No,154.92897500000004,161.39
45484,536,101.8,155.35277500000007,2.8499999999999943,-2,4.283,0.45,2.55,5.52,small-vehicle,No,155.35277500000007,161.4
45485,536,101.9,155.7810750000001,2.859999999999985,-2,4.328,0.5025,2.55,5.5,small-vehicle,No,155.7810750000001,161.41
45486,536,102.0,156.21387499999992,2.869999999999976,-2,4.37825,0.5025,2.54,5.49,small-vehicle,No,156.21387499999992,161.42
45487,536,102.1,156.6516999999999,2.8799999999999955,-2,4.4285,0.5025,2.54,5.47,small-vehicle,No,156.6516999999999,161.43
45488,536,102.2,157.09455000000003,2.8899999999999864,-2,4.47875,0.5025,2.54,5.45,small-vehicle,No,157.09455000000003,161.44
45489,536,102.3,157.5424250000001,2.8999999999999773,-2,4.529,0.5,2.54,5.42,small-vehicle,No,157.5424250000001,161.45
45490,536,102.4,157.9953250000001,2.9199999999999875,-2,4.579,0.5,2.54,5.4,small-vehicle,No,157.9953250000001,161.47
45491,536,102.5,158.45322499999997,2.9299999999999784,-2,4.629,0.5,2.53,5.37,small-vehicle,No,158.45322499999997,161.48
45492,536,102.6,158.91612499999997,2.9399999999999977,-2,4.679,0.4475,2.53,5.34,small-vehicle,No,158.91612499999997,161.49
45493,536,102.7,159.38402500000007,2.9599999999999795,-2,4.72375,0.4475,2.53,5.31,small-vehicle,No,159.38402500000007,161.51
45494,536,102.8,159.8563999999999,2.969999999999999,-2,4.7685,0.45,2.53,5.28,small-vehicle,No,159.8563999999999,161.52
45495,536,102.9,160.3332499999999,2.9799999999999898,-2,4.8135,0.3975,2.53,5.24,small-vehicle,No,160.3332499999999,161.53
45496,536,103.0,160.81459999999993,3.0,-2,4.85325,0.395,2.52,5.2,small-vehicle,No,160.81459999999993,161.55
45497,536,103.1,161.29992500000003,3.009999999999991,-2,4.89275,0.395,2.52,5.16,small-vehicle,No,161.29992500000003,161.56
45498,536,103.2,161.78919999999994,3.030000000000001,-2,4.93225,0.345,2.52,5.12,small-vehicle,No,161.78919999999994,161.58
45499,536,103.3,162.2824250000001,3.039999999999992,-2,4.96675,0.2925,2.51,5.07,small-vehicle,No,162.2824250000001,161.59
45500,536,103.4,162.77909999999997,3.049999999999983,-2,4.996,0.2925,2.51,5.02,small-vehicle,No,162.77909999999997,161.6
45501,536,103.5,163.27870000000007,3.069999999999993,-2,5.02525,0.24,2.51,4.97,small-vehicle,No,163.27870000000007,161.62
45502,536,103.6,163.78122499999995,3.079999999999984,-2,5.04925,0.1875,2.5,4.92,small-vehicle,No,163.78122499999995,161.63
45503,536,103.7,164.2861499999999,3.0999999999999943,-2,5.068,0.1375,2.5,4.87,small-vehicle,No,164.2861499999999,161.65
45504,536,103.8,164.79295000000002,3.109999999999985,-2,5.08175,0.1375,2.5,4.82,small-vehicle,No,164.79295000000002,161.66
45505,536,103.9,165.30112499999996,3.1299999999999955,-2,5.0955,0.14,2.49,4.76,small-vehicle,No,165.30112499999996,161.68
45506,536,104.0,165.81067499999995,3.1399999999999864,-2,5.1095,0.1425,2.49,4.7,small-vehicle,No,165.81067499999995,161.69
45507,536,104.1,166.32162500000004,3.1599999999999966,-2,5.12375,0.195,2.48,4.64,small-vehicle,No,166.32162500000004,161.71
45508,536,104.2,166.83400000000006,3.1699999999999875,-2,5.14325,0.1975,2.48,4.57,small-vehicle,No,166.83400000000006,161.72
45509,536,104.3,167.34832499999993,3.1799999999999784,-2,5.163,0.25,2.48,4.51,small-vehicle,No,167.34832499999993,161.73
45510,536,104.4,167.86462499999993,3.1999999999999886,-2,5.188,0.3,2.47,4.44,small-vehicle,No,167.86462499999993,161.75
45511,536,104.5,168.383425,3.2099999999999795,-2,5.218,0.3025,2.47,4.37,small-vehicle,No,168.383425,161.76
45512,536,104.6,168.90522499999997,3.219999999999999,-2,5.24825,0.355,2.46,4.3,small-vehicle,No,168.90522499999997,161.77
45513,536,104.7,169.43004999999994,3.2299999999999898,-2,5.28375,0.405,2.46,4.23,small-vehicle,No,169.43004999999994,161.78
45514,536,104.8,169.95842500000003,3.25,-2,5.32425,0.4075,2.45,4.16,small-vehicle,No,169.95842500000003,161.8
45515,536,104.9,170.4908499999999,3.259999999999991,-2,5.365,0.4075,2.45,4.09,small-vehicle,No,170.4908499999999,161.81
45516,536,105.0,171.02735000000007,3.269999999999982,-2,5.40575,0.405,2.45,4.02,small-vehicle,No,171.02735000000007,161.82
45517,536,105.1,171.56792500000006,3.289999999999992,-2,5.44625,0.405,2.44,3.96,small-vehicle,No,171.56792500000006,161.84
45518,536,105.2,172.11255000000006,3.299999999999983,-2,5.48675,0.405,2.44,3.9,small-vehicle,No,172.11255000000006,161.85
45519,536,105.3,172.66122500000006,3.3100000000000023,-2,5.52725,0.4025,2.44,3.84,small-vehicle,No,172.66122500000006,161.86
45520,536,105.4,173.21395000000007,3.329999999999984,-2,5.5675,0.4025,2.43,3.78,small-vehicle,No,173.21395000000007,161.88
45521,536,105.5,173.77070000000003,3.339999999999975,-2,5.60775,0.3525,2.43,3.72,small-vehicle,No,173.77070000000003,161.89
45522,536,105.6,174.33147499999995,3.3499999999999943,-2,5.643,0.35,2.43,3.67,small-vehicle,No,174.33147499999995,161.9
45523,536,105.7,174.89577499999996,3.359999999999985,-2,5.678,0.35,2.42,3.62,small-vehicle,No,174.89577499999996,161.91
45524,536,105.8,175.463575,3.369999999999976,-2,5.713,0.35,2.42,3.57,small-vehicle,No,175.463575,161.92
45525,536,105.9,176.03487500000006,3.3799999999999955,-2,5.748,0.3475,2.42,3.52,small-vehicle,No,176.03487500000006,161.93
45526,536,106.0,176.60967499999992,3.3899999999999864,-2,5.78275,0.295,2.42,3.47,small-vehicle,No,176.60967499999992,161.94
45527,536,106.1,177.18795,3.3999999999999773,-2,5.81225,0.245,2.41,3.43,small-vehicle,No,177.18795,161.95
45528,536,106.2,177.7691749999999,3.4099999999999966,-2,5.83675,0.1925,2.41,3.39,small-vehicle,No,177.7691749999999,161.96
45529,536,106.3,178.35285,3.4199999999999875,-2,5.856,0.19,2.41,3.35,small-vehicle,No,178.35285,161.97
45530,536,106.4,178.9384500000001,3.4299999999999784,-2,5.875,0.14,2.41,3.31,small-vehicle,No,178.9384500000001,161.98
45531,536,106.5,179.52594999999997,3.4399999999999977,-2,5.889,0.0375,2.41,3.28,small-vehicle,No,179.52594999999997,161.99
45532,536,106.6,180.11484999999993,3.4499999999999886,-2,5.89275,0.0375,2.41,3.25,small-vehicle,No,180.11484999999993,162.0
45533,536,106.7,180.70412499999998,3.4599999999999795,-2,5.8965,0.0375,2.41,3.23,small-vehicle,No,180.70412499999998,162.01
45534,536,106.8,181.2937750000001,3.4599999999999795,-2,5.90025,-0.0125,2.4,3.2,small-vehicle,No,181.2937750000001,162.01
45535,536,106.9,181.88380000000006,3.469999999999999,-2,5.899,-0.0625,2.4,3.19,small-vehicle,No,181.88380000000006,162.02
45536,536,107.0,182.4737,3.4799999999999898,-2,5.89275,-0.065,2.4,3.17,small-vehicle,No,182.4737,162.03
45537,536,107.1,183.06297500000005,3.4899999999999807,-2,5.88625,-0.115,2.41,3.16,small-vehicle,No,183.06297500000005,162.04
45538,536,107.2,183.65159999999992,3.4899999999999807,-2,5.87475,-0.2175,2.41,3.15,small-vehicle,No,183.65159999999992,162.04
45539,536,107.3,184.23907499999996,3.5,-2,5.853,-0.27,2.41,3.15,small-vehicle,No,184.23907499999996,162.05
45540,536,107.4,184.82437499999992,3.509999999999991,-2,5.826,-0.3725,2.41,3.15,small-vehicle,No,184.82437499999992,162.06
45541,536,107.5,185.4069750000001,3.509999999999991,-2,5.78875,-0.425,2.41,3.16,small-vehicle,No,185.4069750000001,162.06
45542,536,107.6,185.98585000000003,3.519999999999982,-2,5.74625,-0.525,2.41,3.17,small-vehicle,No,185.98585000000003,162.07
45543,536,107.7,186.560475,3.519999999999982,-2,5.69375,-0.6275,2.41,3.18,small-vehicle,No,186.560475,162.07
45544,536,107.8,187.12985000000003,3.530000000000001,-2,5.631,-0.6275,2.42,3.2,small-vehicle,No,187.12985000000003,162.08
45545,536,107.9,187.6929500000001,3.539999999999992,-2,5.56825,-0.675,2.42,3.22,small-vehicle,No,187.6929500000001,162.09
45546,536,108.0,188.249775,3.539999999999992,-2,5.50075,-0.725,2.42,3.25,small-vehicle,No,188.249775,162.09
45547,536,108.1,188.7998500000001,3.549999999999983,-2,5.42825,-0.725,2.42,3.28,small-vehicle,No,188.7998500000001,162.1
45548,536,108.2,189.3426750000001,3.5600000000000023,-2,5.35575,-0.775,2.43,3.31,small-vehicle,No,189.3426750000001,162.11
45549,536,108.3,189.87824999999998,3.5600000000000023,-2,5.27825,-0.8225,2.43,3.35,small-vehicle,No,189.87824999999998,162.11
45550,536,108.4,190.4060750000001,3.569999999999993,-2,5.196,-0.87,2.43,3.39,small-vehicle,No,190.4060750000001,162.12
45551,536,108.5,190.92567499999996,3.569999999999993,-2,5.109,-0.87,2.44,3.43,small-vehicle,No,190.92567499999996,162.12
45552,536,108.6,191.43657499999995,3.579999999999984,-2,5.022,-0.87,2.44,3.47,small-vehicle,No,191.43657499999995,162.13
45553,536,108.7,191.93877500000008,3.579999999999984,-2,4.935,-0.9175,2.44,3.51,small-vehicle,No,191.93877500000008,162.13
45554,536,108.8,192.4322749999999,3.589999999999975,-2,4.84325,-0.9675,2.45,3.56,small-vehicle,No,192.4322749999999,162.14
45555,536,108.9,192.91660000000002,3.5999999999999943,-2,4.7465,-0.97,2.45,3.61,small-vehicle,No,192.91660000000002,162.15
45556,536,109.0,193.3912499999999,3.5999999999999943,-2,4.6495,-1.0175,2.45,3.66,small-vehicle,No,193.3912499999999,162.15
45557,536,109.1,193.85619999999994,3.609999999999985,-2,4.54775,-1.0675,2.46,3.71,small-vehicle,No,193.85619999999994,162.16
45558,536,109.2,194.3109750000001,3.609999999999985,-2,4.441,-1.07,2.46,3.77,small-vehicle,No,194.3109750000001,162.16
45559,536,109.3,194.75507500000003,3.619999999999976,-2,4.334,-1.17,2.47,3.82,small-vehicle,No,194.75507500000003,162.17
45560,536,109.4,195.18847499999993,3.619999999999976,-2,4.217,-1.22,2.47,3.88,small-vehicle,No,195.18847499999993,162.17
45561,536,109.5,195.61017500000003,3.6299999999999955,-2,4.095,-1.1675,2.47,3.94,small-vehicle,No,195.61017500000003,162.18
45562,536,109.6,196.019675,3.6299999999999955,-2,3.97825,-1.165,2.48,4.0,small-vehicle,No,196.019675,162.18
45563,536,109.7,196.41750000000002,3.6399999999999864,-2,3.86175,-1.2125,2.48,4.07,small-vehicle,No,196.41750000000002,162.19
45564,536,109.8,196.8036750000001,3.6399999999999864,-2,3.7405,-1.21,2.49,4.13,small-vehicle,No,196.8036750000001,162.19
45565,536,109.9,197.177725,3.6499999999999773,-2,3.6195,-1.16,2.49,4.2,small-vehicle,No,197.177725,162.2
45566,536,110.0,197.539675,3.6499999999999773,-2,3.5035,-1.1575,2.5,4.27,small-vehicle,No,197.539675,162.2
45567,536,110.1,197.89002499999992,3.6599999999999966,-2,3.38775,-1.1575,2.5,4.33,small-vehicle,No,197.89002499999992,162.21
45568,536,110.2,198.2288000000001,3.6599999999999966,-2,3.272,-1.1575,2.5,4.4,small-vehicle,No,198.2288000000001,162.21
45569,536,110.3,198.55600000000004,3.6599999999999966,-2,3.15625,-1.2075,2.51,4.46,small-vehicle,No,198.55600000000004,162.21
45570,536,110.4,198.871625,3.6699999999999875,-2,3.0355,-1.2075,2.51,4.52,small-vehicle,No,198.871625,162.22
45571,536,110.5,199.17517500000008,3.6699999999999875,-2,2.91475,-1.1525,2.52,4.58,small-vehicle,No,199.17517500000008,162.22
45572,536,110.6,199.46665000000007,3.6799999999999784,-2,2.7995,-1.0975,2.52,4.64,small-vehicle,No,199.46665000000007,162.23
45573,536,110.7,199.74659999999994,3.6799999999999784,-2,2.68975,-0.94,2.52,4.7,small-vehicle,No,199.74659999999994,162.23
45574,536,110.8,200.0155749999999,3.6899999999999977,-2,2.59575,-0.7825,2.53,4.75,small-vehicle,No,200.0155749999999,162.24
45575,536,110.9,200.27514999999994,3.6899999999999977,-2,2.5175,-0.675,2.53,4.81,small-vehicle,No,200.27514999999994,162.24
45576,536,111.0,200.52690000000007,3.6999999999999886,-2,2.45,-0.47,2.54,4.86,small-vehicle,No,200.52690000000007,162.25
45577,536,111.1,200.77189999999996,3.6999999999999886,-2,2.403,-0.315,2.54,4.91,small-vehicle,No,200.77189999999996,162.25
45578,536,111.2,201.0121999999999,3.7099999999999795,-2,2.3715,-0.21,2.54,4.95,small-vehicle,No,201.0121999999999,162.26
45579,536,111.3,201.24935000000005,3.7099999999999795,-2,2.3505,-0.11,2.54,5.0,small-vehicle,No,201.24935000000005,162.26
45580,536,111.4,201.48440000000005,3.719999999999999,-2,2.3395,0.0425,2.55,5.04,small-vehicle,No,201.48440000000005,162.27
45581,536,111.5,201.7183500000001,3.719999999999999,-2,2.34375,0.145,2.55,5.08,small-vehicle,No,201.7183500000001,162.27
45582,536,111.6,201.9527250000001,3.7299999999999898,-2,2.35825,0.245,2.55,5.12,small-vehicle,No,201.9527250000001,162.28
45583,536,111.7,202.18855000000008,3.7299999999999898,-2,2.38275,0.3475,2.55,5.15,small-vehicle,No,202.18855000000008,162.28
45584,536,111.8,202.426825,3.7399999999999807,-2,2.4175,0.4475,2.56,5.19,small-vehicle,No,202.426825,162.29
45585,536,111.9,202.66857499999992,3.7399999999999807,-2,2.46225,0.4925,2.56,5.22,small-vehicle,No,202.66857499999992,162.29
45586,536,112.0,202.9148,3.7399999999999807,-2,2.5115,0.49,2.56,5.25,small-vehicle,No,202.9148,162.29
45587,536,112.1,203.16595000000007,3.75,-2,2.5605,0.4825,2.56,5.28,small-vehicle,No,203.16595000000007,162.3
45588,536,112.2,203.42200000000003,3.75,-2,2.60875,0.3725,2.56,5.31,small-vehicle,No,203.42200000000003,162.3
45589,536,112.3,203.68287499999997,3.759999999999991,-2,2.646,0.265,2.56,5.33,small-vehicle,No,203.68287499999997,162.31
45590,536,112.4,203.94747499999994,3.759999999999991,-2,2.6725,0.155,2.57,5.35,small-vehicle,No,203.94747499999994,162.31
45591,536,112.5,204.21472500000004,3.759999999999991,-2,2.688,0.05,2.57,5.37,small-vehicle,No,204.21472500000004,162.31
45592,536,112.6,204.4835250000001,3.769999999999982,-2,2.693,-0.055,2.57,5.39,small-vehicle,No,204.4835250000001,162.32
45593,536,112.7,204.75282500000003,3.769999999999982,-2,2.6875,-0.11,2.57,5.41,small-vehicle,No,204.75282500000003,162.32
45594,536,112.8,205.02157499999998,3.769999999999982,-2,2.6765,-0.1075,2.57,5.42,small-vehicle,No,205.02157499999998,162.32
45595,536,112.9,205.289225,3.780000000000001,-2,2.66575,-0.0025,2.57,5.44,small-vehicle,No,205.289225,162.33
45596,536,113.0,205.5558000000001,3.780000000000001,-2,2.6655,0.105,2.57,5.45,small-vehicle,No,205.5558000000001,162.33
45597,536,113.1,205.82234999999991,3.780000000000001,-2,2.676,0.1075,2.57,5.46,small-vehicle,No,205.82234999999991,162.33
45598,536,113.2,206.08995000000004,3.789999999999992,-2,2.68675,0.21,2.58,5.46,small-vehicle,No,206.08995000000004,162.34
45599,536,113.3,206.35862500000007,3.789999999999992,-2,2.70775,0.315,2.58,5.47,small-vehicle,No,206.35862500000007,162.34
45600,536,113.4,206.62940000000003,3.789999999999992,-2,2.73925,0.3675,2.58,5.48,small-vehicle,No,206.62940000000003,162.34
45601,536,113.5,206.903325,3.799999999999983,-2,2.776,0.47,2.58,5.48,small-vehicle,No,206.903325,162.35
45602,536,113.6,207.1809249999999,3.799999999999983,-2,2.823,0.5725,2.58,5.48,small-vehicle,No,207.1809249999999,162.35
45603,536,113.7,207.46322499999997,3.799999999999983,-2,2.88025,0.625,2.58,5.49,small-vehicle,No,207.46322499999997,162.35
45604,536,113.8,207.75125000000003,3.8100000000000023,-2,2.94275,0.7275,2.58,5.49,small-vehicle,No,207.75125000000003,162.36
45605,536,113.9,208.045525,3.8100000000000023,-2,3.0155,0.83,2.58,5.49,small-vehicle,No,208.045525,162.36
45606,536,114.0,208.3470749999999,3.8100000000000023,-2,3.0985,0.775,2.58,5.49,small-vehicle,No,208.3470749999999,162.36
45607,536,114.1,208.656925,3.819999999999993,-2,3.176,0.77,2.59,5.5,small-vehicle,No,208.656925,162.37
45608,536,114.2,208.97452500000009,3.819999999999993,-2,3.253,0.715,2.59,5.5,small-vehicle,No,208.97452500000009,162.37
45609,536,114.3,209.29982500000006,3.819999999999993,-2,3.3245,0.6075,2.59,5.5,small-vehicle,No,209.29982500000006,162.37
45610,536,114.4,209.63227499999994,3.829999999999984,-2,3.38525,0.5,2.59,5.5,small-vehicle,No,209.63227499999994,162.38
45611,536,114.5,209.97080000000005,3.829999999999984,-2,3.43525,0.34,2.59,5.51,small-vehicle,No,209.97080000000005,162.38
45612,536,114.6,210.31432500000005,3.829999999999984,-2,3.46925,0.1275,2.59,5.51,small-vehicle,No,210.31432500000005,162.38
45613,536,114.7,210.6612500000001,3.829999999999984,-2,3.482,-0.185,2.59,5.51,small-vehicle,No,210.6612500000001,162.38
45614,536,114.8,211.00945000000002,3.839999999999975,-2,3.4635,-0.4475,2.59,5.51,small-vehicle,No,211.00945000000002,162.39
45615,536,114.9,211.35580000000004,3.839999999999975,-2,3.41875,-0.76,2.6,5.52,small-vehicle,No,211.35580000000004,162.39
45616,536,115.0,211.6976749999999,3.839999999999975,-2,3.34275,-1.0725,2.6,5.52,small-vehicle,No,211.6976749999999,162.39
45617,536,115.1,212.03195000000005,3.839999999999975,-2,3.2355,-1.385,2.6,5.52,small-vehicle,No,212.03195000000005,162.39
45618,536,115.2,212.3554999999999,3.839999999999975,-2,3.097,-1.7425,2.6,5.52,small-vehicle,No,212.3554999999999,162.39
45619,536,115.3,212.6651999999999,3.839999999999975,-2,2.92275,-1.9975,2.6,5.52,small-vehicle,No,212.6651999999999,162.39
45620,536,115.4,212.95747499999993,3.8499999999999943,-2,2.723,-2.0925,2.6,5.53,small-vehicle,No,212.95747499999993,162.4
45621,536,115.5,213.22977500000002,3.8499999999999943,-2,2.51375,-2.025,2.6,5.53,small-vehicle,No,213.22977500000002,162.4
45622,536,115.6,213.48115000000007,3.8499999999999943,-2,2.31125,-1.8575,2.6,5.53,small-vehicle,No,213.48115000000007,162.4
45623,536,115.7,213.7122750000001,3.8499999999999943,-2,2.1255,-1.585,2.6,5.53,small-vehicle,No,213.7122750000001,162.4
45624,536,115.8,213.92482500000006,3.8499999999999943,-2,1.967,-1.26,2.61,5.54,small-vehicle,No,213.92482500000006,162.4
45625,536,115.9,214.12152500000002,3.8499999999999943,-2,1.841,-0.89,2.61,5.54,small-vehicle,No,214.12152500000002,162.4
45626,536,116.0,214.30562499999996,3.859999999999985,-2,1.752,-0.52,2.61,5.55,small-vehicle,No,214.30562499999996,162.41
45627,536,116.1,214.4808250000001,3.859999999999985,-2,1.7,-0.2025,2.61,5.55,small-vehicle,No,214.4808250000001,162.41
45628,536,116.2,214.65082499999994,3.859999999999985,-2,1.67975,0.11,2.61,5.55,small-vehicle,No,214.65082499999994,162.41
45629,536,116.3,214.8188,3.869999999999976,-2,1.69075,0.315,2.61,5.56,small-vehicle,No,214.8188,162.42
45630,536,116.4,214.98787500000003,3.869999999999976,-2,1.72225,0.36,2.61,5.56,small-vehicle,No,214.98787500000003,162.42
45631,536,116.5,215.16010000000006,3.8799999999999955,-2,1.75825,0.2975,2.61,5.56,small-vehicle,No,215.16010000000006,162.43
45632,536,116.6,215.3359250000001,3.8799999999999955,-2,1.788,0.1875,2.61,5.56,small-vehicle,No,215.3359250000001,162.43
45633,536,116.7,215.514725,3.8899999999999864,-2,1.80675,0.0775,2.61,5.56,small-vehicle,No,215.514725,162.44
45634,536,116.8,215.69540000000006,3.8899999999999864,-2,1.8145,-0.035,2.61,5.57,small-vehicle,No,215.69540000000006,162.44
45635,536,116.9,215.8768500000001,3.8999999999999773,-2,1.811,-0.1425,2.61,5.57,small-vehicle,No,215.8768500000001,162.45
45636,536,117.0,216.0579499999999,3.8999999999999773,-2,1.79675,-0.2475,2.61,5.57,small-vehicle,No,216.0579499999999,162.45
45637,536,117.1,216.23762499999998,3.9099999999999966,-2,1.772,-0.3025,2.61,5.57,small-vehicle,No,216.23762499999998,162.46
45638,536,117.2,216.41482500000006,3.9099999999999966,-2,1.74175,-0.3025,2.61,5.57,small-vehicle,No,216.41482500000006,162.46
45639,536,117.3,216.58899999999994,3.9199999999999875,-2,1.7115,-0.3,2.61,5.58,small-vehicle,No,216.58899999999994,162.47
45640,536,117.4,216.76015000000007,3.9199999999999875,-2,1.6815,-0.25,2.61,5.58,small-vehicle,No,216.76015000000007,162.47
45641,536,117.5,216.92830000000004,3.9299999999999784,-2,1.6565,-0.25,2.61,5.58,small-vehicle,No,216.92830000000004,162.48
45642,536,117.6,217.09394999999995,3.9399999999999977,-2,1.6315,-0.25,2.61,5.58,small-vehicle,No,217.09394999999995,162.49
45643,536,117.7,217.25710000000004,3.9399999999999977,-2,1.6065,-0.25,2.61,5.59,small-vehicle,No,217.25710000000004,162.49
45644,536,117.8,217.41775000000007,3.9499999999999886,-2,1.5815,-0.3525,2.61,5.59,small-vehicle,No,217.41775000000007,162.5
45645,536,117.9,217.57590000000005,3.9599999999999795,-2,1.54625,-0.405,2.6,5.59,small-vehicle,No,217.57590000000005,162.51
45646,536,118.0,217.73052499999994,3.969999999999999,-2,1.50575,-0.4075,2.6,5.59,small-vehicle,No,217.73052499999994,162.52
45647,536,118.1,217.88110000000006,3.969999999999999,-2,1.465,-0.3025,2.6,5.59,small-vehicle,No,217.88110000000006,162.52
45648,536,118.2,218.0275999999999,3.9799999999999898,-2,1.43475,-0.1925,2.6,5.59,small-vehicle,No,218.0275999999999,162.53
45649,536,118.3,218.17107499999997,3.9899999999999807,-2,1.4155,0.0175,2.6,5.6,small-vehicle,No,218.17107499999997,162.54
45650,536,118.4,218.31262500000003,4.0,-2,1.41725,0.385,2.6,5.6,small-vehicle,No,218.31262500000003,162.55
45651,536,118.5,218.45434999999998,4.009999999999991,-2,1.45575,0.7025,2.6,5.6,small-vehicle,No,218.45434999999998,162.56
45652,536,118.6,218.59992499999998,4.019999999999982,-2,1.526,1.0175,2.6,5.6,small-vehicle,No,218.59992499999998,162.57
45653,536,118.7,218.7525250000001,4.039999999999992,-2,1.62775,1.43,2.59,5.6,small-vehicle,No,218.7525250000001,162.59
45654,536,118.8,218.9152999999999,4.049999999999983,-2,1.77075,1.74,2.59,5.6,small-vehicle,No,218.9152999999999,162.6
45655,536,118.9,219.09237499999995,4.060000000000002,-2,1.94475,1.835,2.59,5.61,small-vehicle,No,219.09237499999995,162.61
45656,536,119.0,219.28684999999996,4.069999999999993,-2,2.12825,1.77,2.59,5.61,small-vehicle,No,219.28684999999996,162.62
45657,536,119.1,219.49967500000002,4.079999999999984,-2,2.30525,1.605,2.59,5.61,small-vehicle,No,219.49967500000002,162.63
45658,536,119.2,219.73019999999997,4.089999999999975,-2,2.46575,1.435,2.59,5.61,small-vehicle,No,219.73019999999997,162.64
45659,536,119.3,219.9767750000001,4.109999999999985,-2,2.60925,1.165,2.59,5.61,small-vehicle,No,219.9767750000001,162.66
45660,536,119.4,220.2376999999999,4.119999999999976,-2,2.72575,0.9,2.58,5.61,small-vehicle,No,220.2376999999999,162.67
45661,536,119.5,220.5102750000001,4.1299999999999955,-2,2.81575,0.6875,2.58,5.61,small-vehicle,No,220.5102750000001,162.68
45662,536,119.6,220.79185000000007,4.139999999999986,-2,2.8845,0.42,2.58,5.61,small-vehicle,No,220.79185000000007,162.69
45663,536,119.7,221.08030000000008,4.149999999999977,-2,2.9265,0.055,2.58,5.6,small-vehicle,No,221.08030000000008,162.7
45664,536,119.8,221.37294999999995,4.1699999999999875,-2,2.932,-0.205,2.57,5.6,small-vehicle,No,221.37294999999995,162.72
45665,536,119.9,221.66615000000002,4.179999999999978,-2,2.9115,-0.305,2.57,5.6,small-vehicle,No,221.66615000000002,162.73
45666,536,120.0,221.95730000000003,4.189999999999998,-2,2.881,-0.245,2.57,5.6,small-vehicle,No,221.95730000000003,162.74
45667,536,120.1,222.24540000000002,4.199999999999989,-2,2.8565,-0.08,2.57,5.6,small-vehicle,No,222.24540000000002,162.75
45668,536,120.2,222.53105000000005,4.2099999999999795,-2,2.8485,0.085,2.57,5.6,small-vehicle,No,222.53105000000005,162.76
45669,536,120.3,222.81590000000006,4.22999999999999,-2,2.857,0.245,2.56,5.6,small-vehicle,No,222.81590000000006,162.78
45670,536,120.4,223.10159999999996,4.239999999999981,-2,2.8815,0.4025,2.56,5.6,small-vehicle,No,223.10159999999996,162.79
45671,536,120.5,223.38975000000005,4.25,-2,2.92175,0.51,2.56,5.6,small-vehicle,No,223.38975000000005,162.8
45672,536,120.6,223.6819250000001,4.259999999999991,-2,2.97275,0.51,2.56,5.6,small-vehicle,No,223.6819250000001,162.81
45673,536,120.7,223.9792,4.269999999999982,-2,3.02375,0.4525,2.56,5.6,small-vehicle,No,223.9792,162.82
45674,536,120.8,224.28157499999998,4.280000000000001,-2,3.069,0.2425,2.56,5.59,small-vehicle,No,224.28157499999998,162.83
45675,536,120.9,224.58847500000002,4.289999999999992,-2,3.09325,0.03,2.55,5.59,small-vehicle,No,224.58847500000002,162.84
45676,536,121.0,224.89779999999996,4.299999999999983,-2,3.09625,-0.1275,2.55,5.59,small-vehicle,No,224.89779999999996,162.85
45677,536,121.1,225.20742500000006,4.310000000000002,-2,3.0835,-0.28,2.55,5.58,small-vehicle,No,225.20742500000006,162.86
45678,536,121.2,225.51577500000008,4.319999999999993,-2,3.0555,-0.28,2.55,5.58,small-vehicle,No,225.51577500000008,162.87
45679,536,121.3,225.8213249999999,4.329999999999984,-2,3.0275,-0.1725,2.54,5.58,small-vehicle,No,225.8213249999999,162.88
45680,536,121.4,226.12407499999995,4.339999999999975,-2,3.01025,-0.0575,2.54,5.58,small-vehicle,No,226.12407499999995,162.89
45681,536,121.5,226.42509999999993,4.349999999999994,-2,3.0045,0.05,2.54,5.57,small-vehicle,No,226.42509999999993,162.9
45682,536,121.6,226.7255500000001,4.359999999999985,-2,3.0095,0.2075,2.54,5.57,small-vehicle,No,226.7255500000001,162.91
45683,536,121.7,227.02649999999994,4.359999999999985,-2,3.03025,0.365,2.54,5.57,small-vehicle,No,227.02649999999994,162.91
45684,536,121.8,227.3295250000001,4.369999999999976,-2,3.06675,0.415,2.54,5.57,small-vehicle,No,227.3295250000001,162.92
45685,536,121.9,227.63619999999992,4.3799999999999955,-2,3.10825,0.3625,2.53,5.57,small-vehicle,No,227.63619999999992,162.93
45686,536,122.0,227.94702499999994,4.3799999999999955,-2,3.1445,0.305,2.53,5.57,small-vehicle,No,227.94702499999994,162.93
45687,536,122.1,228.26147500000002,4.389999999999986,-2,3.175,0.2,2.53,5.56,small-vehicle,No,228.26147500000002,162.94
45688,536,122.2,228.5789749999999,4.389999999999986,-2,3.195,0.0425,2.53,5.56,small-vehicle,No,228.5789749999999,162.94
45689,536,122.3,228.89847499999996,4.399999999999977,-2,3.19925,-0.065,2.53,5.56,small-vehicle,No,228.89847499999996,162.95
45690,536,122.4,229.21839999999997,4.409999999999997,-2,3.19275,-0.1675,2.53,5.56,small-vehicle,No,229.21839999999997,162.96
45691,536,122.5,229.53767500000004,4.409999999999997,-2,3.176,-0.1675,2.53,5.55,small-vehicle,No,229.53767500000004,162.96
45692,536,122.6,229.8552749999999,4.409999999999997,-2,3.15925,-0.165,2.53,5.55,small-vehicle,No,229.8552749999999,162.96
45693,536,122.7,230.1712,4.4199999999999875,-2,3.14275,-0.2175,2.53,5.55,small-vehicle,No,230.1712,162.97
45694,536,122.8,230.48547499999995,4.4199999999999875,-2,3.121,-0.2675,2.53,5.55,small-vehicle,No,230.48547499999995,162.97
45695,536,122.9,230.79757500000005,4.4199999999999875,-2,3.09425,-0.3175,2.53,5.54,small-vehicle,No,230.79757500000005,162.97
45696,536,123.0,231.10699999999997,4.429999999999978,-2,3.0625,-0.3175,2.52,5.54,small-vehicle,No,231.10699999999997,162.98
45697,536,123.1,231.41325000000006,4.429999999999978,-2,3.03075,-0.31,2.52,5.54,small-vehicle,No,231.41325000000006,162.98
45698,536,123.2,231.7163250000001,4.429999999999978,-2,2.99975,-0.2025,2.52,5.53,small-vehicle,No,231.7163250000001,162.98
45699,536,123.3,232.0163,4.429999999999978,-2,2.9795,-0.0475,2.52,5.53,small-vehicle,No,232.0163,162.98
45700,536,123.4,232.3142499999999,4.4199999999999875,-2,2.97475,0.005,2.52,5.52,small-vehicle,No,232.3142499999999,162.97
45701,536,123.5,232.61172499999998,4.4199999999999875,-2,2.97525,-0.1525,2.52,5.52,small-vehicle,No,232.61172499999998,162.97
45702,536,123.6,232.90924999999993,4.4199999999999875,-2,2.96,-0.365,2.52,5.51,small-vehicle,No,232.90924999999993,162.97
45703,536,123.7,233.20524999999998,4.4199999999999875,-2,2.9235,-0.5775,2.52,5.51,small-vehicle,No,233.20524999999998,162.97
45704,536,123.8,233.49759999999992,4.409999999999997,-2,2.86575,-0.785,2.51,5.5,small-vehicle,No,233.49759999999992,162.96
45705,536,123.9,233.784175,4.409999999999997,-2,2.78725,-0.94,2.51,5.49,small-vehicle,No,233.784175,162.96
45706,536,124.0,234.0628999999999,4.399999999999977,-2,2.69325,-1.0425,2.51,5.49,small-vehicle,No,234.0628999999999,162.95
45707,536,124.1,234.3322250000001,4.399999999999977,-2,2.589,-0.9825,2.51,5.48,small-vehicle,No,234.3322250000001,162.95
45708,536,124.2,234.59112499999992,4.399999999999977,-2,2.49075,-0.8175,2.5,5.47,small-vehicle,No,234.59112499999992,162.95
45709,536,124.3,234.8402000000001,4.389999999999986,-2,2.409,-0.5525,2.5,5.45,small-vehicle,No,234.8402000000001,162.94
45710,536,124.4,235.0811000000001,4.389999999999986,-2,2.35375,-0.2325,2.5,5.44,small-vehicle,No,235.0811000000001,162.94
45711,536,124.5,235.31647500000008,4.389999999999986,-2,2.3305,0.085,2.5,5.42,small-vehicle,No,235.31647500000008,162.94
45712,536,124.6,235.5495249999999,4.389999999999986,-2,2.339,0.3425,2.5,5.4,small-vehicle,No,235.5495249999999,162.94
45713,536,124.7,235.78342500000008,4.3799999999999955,-2,2.37325,0.4975,2.49,5.38,small-vehicle,No,235.78342500000008,162.93
45714,536,124.8,236.0207499999999,4.3799999999999955,-2,2.423,0.5475,2.49,5.36,small-vehicle,No,236.0207499999999,162.93
45715,536,124.9,236.26305000000002,4.3799999999999955,-2,2.47775,0.5425,2.49,5.33,small-vehicle,No,236.26305000000002,162.93
45716,536,125.0,236.51082500000007,4.3799999999999955,-2,2.532,0.535,2.49,5.3,small-vehicle,No,236.51082500000007,162.93
45717,536,125.1,236.76402499999995,4.369999999999976,-2,2.5855,0.5275,2.48,5.27,small-vehicle,No,236.76402499999995,162.92
45718,536,125.2,237.02257499999996,4.369999999999976,-2,2.63825,0.4225,2.48,5.23,small-vehicle,No,237.02257499999996,162.92
45719,536,125.3,237.28639999999996,4.369999999999976,-2,2.6805,0.3125,2.48,5.2,small-vehicle,No,237.28639999999996,162.92
45720,536,125.4,237.5544500000001,4.359999999999985,-2,2.71175,0.255,2.47,5.16,small-vehicle,No,237.5544500000001,162.91
45721,536,125.5,237.82562499999995,4.359999999999985,-2,2.73725,0.1525,2.47,5.11,small-vehicle,No,237.82562499999995,162.91
45722,536,125.6,238.09934999999996,4.359999999999985,-2,2.7525,0.045,2.47,5.07,small-vehicle,No,238.09934999999996,162.91
45723,536,125.7,238.3746000000001,4.349999999999994,-2,2.757,-0.0625,2.46,5.02,small-vehicle,No,238.3746000000001,162.9
45724,536,125.8,238.65030000000002,4.349999999999994,-2,2.75075,-0.115,2.46,4.97,small-vehicle,No,238.65030000000002,162.9
45725,536,125.9,238.92537500000003,4.339999999999975,-2,2.73925,-0.2175,2.46,4.92,small-vehicle,No,238.92537500000003,162.89
45726,536,126.0,239.1993,4.339999999999975,-2,2.7175,-0.27,2.45,4.87,small-vehicle,No,239.1993,162.89
45727,536,126.1,239.4710500000001,4.329999999999984,-2,2.6905,-0.215,2.45,4.81,small-vehicle,No,239.4710500000001,162.88
45728,536,126.2,239.74009999999998,4.329999999999984,-2,2.669,-0.16,2.44,4.76,small-vehicle,No,239.74009999999998,162.88
45729,536,126.3,240.00700000000006,4.329999999999984,-2,2.653,-0.0575,2.44,4.7,small-vehicle,No,240.00700000000006,162.88
45730,536,126.4,240.2723000000001,4.329999999999984,-2,2.64725,-0.005,2.44,4.65,small-vehicle,No,240.2723000000001,162.88
45731,536,126.5,240.53702500000009,4.319999999999993,-2,2.64675,0.045,2.43,4.6,small-vehicle,No,240.53702500000009,162.87
45732,536,126.6,240.80169999999998,4.319999999999993,-2,2.65125,0.045,2.43,4.54,small-vehicle,No,240.80169999999998,162.87
45733,536,126.7,241.0668250000001,4.319999999999993,-2,2.65575,0.045,2.43,4.49,small-vehicle,No,241.0668250000001,162.87
45734,536,126.8,241.3324,4.319999999999993,-2,2.66025,0.095,2.43,4.44,small-vehicle,No,241.3324,162.87
45735,536,126.9,241.5984249999999,4.319999999999993,-2,2.66975,0.095,2.42,4.38,small-vehicle,No,241.5984249999999,162.87
45736,536,127.0,241.8653999999999,4.319999999999993,-2,2.67925,0.0975,2.42,4.33,small-vehicle,No,241.8653999999999,162.87
45737,536,127.1,242.133325,4.319999999999993,-2,2.689,0.2025,2.42,4.28,small-vehicle,No,242.133325,162.87
45738,536,127.2,242.40222500000004,4.319999999999993,-2,2.70925,0.355,2.42,4.23,small-vehicle,No,242.40222500000004,162.87
45739,536,127.3,242.67315000000008,4.319999999999993,-2,2.74475,0.4575,2.41,4.18,small-vehicle,No,242.67315000000008,162.87
45740,536,127.4,242.94762500000002,4.329999999999984,-2,2.7905,0.51,2.41,4.13,small-vehicle,No,242.94762500000002,162.88
45741,536,127.5,243.2266749999999,4.329999999999984,-2,2.8415,0.5075,2.41,4.08,small-vehicle,No,243.2266749999999,162.88
45742,536,127.6,243.51082500000007,4.329999999999984,-2,2.89225,0.2525,2.41,4.03,small-vehicle,No,243.51082500000007,162.88
45743,536,127.7,243.80005000000006,4.329999999999984,-2,2.9175,0.0,2.41,3.99,small-vehicle,No,243.80005000000006,162.88
45744,536,127.8,244.09179999999992,4.329999999999984,-2,2.9175,0.0,2.4,3.94,small-vehicle,No,244.09179999999992,162.88
