,ID,time,xloc,yloc,lane,speed,acceleration,length-smoothed,width-smoothed,type-most-common,ACC,run-index
945624,613,88.1,2016.3904,152.32,-5,30.9965,-0.56,5.8,2.67,small-vehicle,No,20
945625,613,88.2,2019.49005,152.06,-5,30.94,-0.56,5.8,2.67,small-vehicle,No,20
945626,613,88.3,2022.58405,151.8,-5,30.884,-0.5,5.8,2.67,small-vehicle,No,20
945627,613,88.4,2025.67245,151.54,-5,30.8335,-0.5,5.8,2.67,small-vehicle,No,20
945628,613,88.5,2028.7558,151.29,-5,30.7835,-0.4,5.8,2.67,small-vehicle,No,20
945629,613,88.6,2031.83415,151.03,-5,30.7435,-0.29,5.8,2.67,small-vehicle,No,20
945630,613,88.7,2034.9085,150.77,-5,30.714,-0.29,5.8,2.67,small-vehicle,No,20
945631,613,88.8,2037.9799,150.51,-5,30.685,-0.29,5.8,2.67,small-vehicle,No,20
945632,613,88.9,2041.0484,150.25,-5,30.6555,-0.24,5.8,2.67,small-vehicle,No,20
945633,613,89.0,2044.11395,149.99,-5,30.6315,-0.19,5.8,2.67,small-vehicle,No,20
945634,613,89.1,2047.1771,149.74,-5,30.6125,-0.19,5.8,2.67,small-vehicle,No,20
945635,613,89.2,2050.23835,149.48,-5,30.5935,-0.19,5.8,2.67,small-vehicle,No,20
945636,613,89.3,2053.2977,149.22,-5,30.5745,-0.19,5.8,2.67,small-vehicle,No,20
945637,613,89.4,2056.35515,148.96,-5,30.555,-0.2,5.8,2.67,small-vehicle,No,20
945638,613,89.5,2059.41065,148.71,-5,30.5355,-0.19,5.8,2.67,small-vehicle,No,20
945639,613,89.6,2062.4642,148.45,-5,30.5165,-0.2,5.8,2.67,small-vehicle,No,20
945640,613,89.7,2065.51585,148.2,-5,30.4965,-0.19,5.8,2.67,small-vehicle,No,20
945641,613,89.8,2068.5655,147.94,-5,30.4775,-0.2,5.8,2.67,small-vehicle,No,20
945642,613,89.9,2071.61325,147.69,-5,30.4575,-0.2,5.8,2.67,small-vehicle,No,20
945643,613,90.0,2074.659,147.43,-5,30.4375,-0.24,5.8,2.67,small-vehicle,No,20
945644,613,90.1,2077.70275,147.18,-5,30.413,-0.25,5.8,2.67,small-vehicle,No,20
945645,613,90.2,2080.74405,146.92,-5,30.388,-0.25,5.8,2.67,small-vehicle,No,20
945646,613,90.3,2083.78285,146.67,-5,30.363,-0.3,5.8,2.67,small-vehicle,No,20
945647,613,90.4,2086.81915,146.41,-5,30.3325,-0.31,5.8,2.67,small-vehicle,No,20
945648,613,90.5,2089.8524,146.16,-5,30.302,-0.3,5.8,2.67,small-vehicle,No,20
945649,613,90.6,2092.8826,145.91,-5,30.272,-0.3,5.8,2.67,small-vehicle,No,20
945650,613,90.7,2095.9098,145.66,-5,30.2415,-0.3,5.8,2.67,small-vehicle,No,20
945651,613,90.8,2098.93395,145.41,-5,30.2115,-0.36,5.8,2.67,small-vehicle,No,20
945652,613,90.9,2101.9551,145.15,-5,30.1755,-0.35,5.8,2.67,small-vehicle,No,20
945653,613,91.0,2104.97265,144.9,-5,30.1405,-0.3,5.8,2.67,small-vehicle,No,20
945654,613,91.1,2107.9867,144.65,-5,30.1105,-0.3,5.8,2.67,small-vehicle,No,20
945655,613,91.2,2110.99775,144.4,-5,30.0805,-0.3,5.8,2.67,small-vehicle,No,20
945656,613,91.3,2114.0058,144.15,-5,30.0505,-0.3,5.8,2.67,small-vehicle,No,20
945657,613,91.4,2117.01085,143.9,-5,30.0205,-0.25,5.8,2.67,small-vehicle,No,20
945658,613,91.5,2120.0129,143.66,-5,29.9955,-0.19,5.8,2.67,small-vehicle,No,20
945659,613,91.6,2123.01245,143.41,-5,29.9765,-0.14,5.8,2.67,small-vehicle,No,20
945660,613,91.7,2126.0101,143.16,-5,29.962,-0.09,5.8,2.67,small-vehicle,No,20
945661,613,91.8,2129.0063,142.91,-5,29.953,-0.09,5.8,2.67,small-vehicle,No,20
945662,613,91.9,2132.0016,142.67,-5,29.944,-0.04,5.8,2.67,small-vehicle,No,20
945663,613,92.0,2134.996,142.42,-5,29.94,0.06,5.8,2.67,small-vehicle,No,20
945664,613,92.1,2137.99,142.17,-5,29.9465,0.06,5.8,2.67,small-vehicle,No,20
945665,613,92.2,2140.98465,141.93,-5,29.9525,0.07,5.8,2.67,small-vehicle,No,20
945666,613,92.3,2143.9799,141.68,-5,29.9595,0.17,5.8,2.67,small-vehicle,No,20
945667,613,92.4,2146.97585,141.43,-5,29.976,0.16,5.8,2.67,small-vehicle,No,20
945668,613,92.5,2149.97345,141.18,-5,29.992,0.17,5.8,2.67,small-vehicle,No,20
945669,613,92.6,2152.97265,140.94,-5,30.0085,0.21,5.8,2.67,small-vehicle,No,20
945670,613,92.7,2155.9735,140.69,-5,30.0295,0.16,5.8,2.67,small-vehicle,No,20
945671,613,92.8,2158.97645,140.44,-5,30.046,0.11,5.8,2.67,small-vehicle,No,20
945672,613,92.9,2161.98105,140.19,-5,30.0565,0.1,5.8,2.67,small-vehicle,No,20
945673,613,93.0,2164.9867,139.94,-5,30.0665,0.1,5.8,2.67,small-vehicle,No,20
945674,613,93.1,2167.99335,139.69,-5,30.077,0.05,5.8,2.67,small-vehicle,No,20
945675,613,93.2,2171.00105,139.44,-5,30.082,0.0,5.8,2.67,small-vehicle,No,20
945676,613,93.3,2174.00925,139.19,-5,30.082,0.0,5.8,2.67,small-vehicle,No,20
945677,613,93.4,2177.01745,138.94,-5,30.082,0.0,5.8,2.67,small-vehicle,No,20
945678,613,93.5,2180.02565,138.69,-5,30.0815,-0.05,5.8,2.67,small-vehicle,No,20
945679,613,93.6,2183.0338,138.44,-5,30.0765,-0.06,5.8,2.67,small-vehicle,No,20
945680,613,93.7,2186.04145,138.19,-5,30.0705,0.0,5.8,2.67,small-vehicle,No,20
945681,613,93.8,2189.0485,137.94,-5,30.0705,0.0,5.8,2.67,small-vehicle,No,20
945682,613,93.9,2192.05555,137.69,-5,30.07,0.0,5.8,2.67,small-vehicle,No,20
945683,613,94.0,2195.06255,137.44,-5,30.07,0.0,5.8,2.67,small-vehicle,No,20
945684,613,94.1,2198.06955,137.19,-5,30.07,0.0,5.8,2.67,small-vehicle,No,20
945685,613,94.2,2201.07655,136.94,-5,30.07,0.0,5.8,2.67,small-vehicle,No,20
945686,613,94.3,2204.08355,136.69,-5,30.07,0.0,5.8,2.67,small-vehicle,No,20
945687,613,94.4,2207.09055,136.43,-5,30.07,0.05,5.8,2.67,small-vehicle,No,20
945688,613,94.5,2210.09755,136.18,-5,30.0755,0.1,5.8,2.67,small-vehicle,No,20
945689,613,94.6,2213.1051,135.93,-5,30.086,0.1,5.8,2.67,small-vehicle,No,20
945690,613,94.7,2216.1137,135.68,-5,30.096,0.11,5.8,2.67,small-vehicle,No,20
945691,613,94.8,2219.1233,135.42,-5,30.107,0.11,5.8,2.67,small-vehicle,No,20
945692,613,94.9,2222.134,135.17,-5,30.1175,0.1,5.8,2.67,small-vehicle,No,20
945693,613,95.0,2225.14575,134.91,-5,30.1275,0.11,5.8,2.67,small-vehicle,No,20
945694,613,95.1,2228.1585,134.66,-5,30.1385,0.1,5.8,2.67,small-vehicle,No,20
945695,613,95.2,2231.17235,134.4,-5,30.1485,0.1,5.8,2.67,small-vehicle,No,20
945696,613,95.3,2234.1872,134.15,-5,30.1585,0.1,5.8,2.67,small-vehicle,No,20
945697,613,95.4,2237.20305,133.89,-5,30.1685,0.04,5.8,2.67,small-vehicle,No,20
945698,613,95.5,2240.2199,133.63,-5,30.173,0.0,5.8,2.67,small-vehicle,No,20
945699,613,95.6,2243.2372,133.37,-5,30.173,-0.06,5.8,2.67,small-vehicle,No,20
945700,613,95.7,2246.2545,133.12,-5,30.167,-0.05,5.8,2.67,small-vehicle,No,20
945701,613,95.8,2249.2712,132.86,-5,30.162,-0.05,5.8,2.67,small-vehicle,No,20
945702,613,95.9,2252.2874,132.6,-5,30.1565,-0.11,5.8,2.67,small-vehicle,No,20
945703,613,96.0,2255.30305,132.34,-5,30.1455,-0.11,5.8,2.67,small-vehicle,No,20
945704,613,96.1,2258.3176,132.08,-5,30.135,-0.05,5.8,2.67,small-vehicle,No,20
945705,613,96.2,2261.3311,131.82,-5,30.1295,-0.05,5.8,2.67,small-vehicle,No,20
945706,613,96.3,2264.34405,131.56,-5,30.1245,-0.05,5.8,2.67,small-vehicle,No,20
945707,613,96.4,2267.3565,131.3,-5,30.119,0.0,5.8,2.67,small-vehicle,No,20
945708,613,96.5,2270.3684,131.04,-5,30.119,0.0,5.8,2.67,small-vehicle,No,20
945709,613,96.6,2273.3803,130.78,-5,30.1195,0.05,5.8,2.67,small-vehicle,No,20
945710,613,96.7,2276.39225,130.52,-5,30.1245,0.06,5.8,2.67,small-vehicle,No,20
945711,613,96.8,2279.4047,130.26,-5,30.1305,0.06,5.8,2.67,small-vehicle,No,20
945712,613,96.9,2282.41775,130.0,-5,30.136,0.1,5.8,2.67,small-vehicle,No,20
945713,613,97.0,2285.43135,129.73,-5,30.146,0.16,5.8,2.67,small-vehicle,No,20
945714,613,97.1,2288.44595,129.47,-5,30.162,0.15,5.8,2.67,small-vehicle,No,20
945715,613,97.2,2291.46215,129.21,-5,30.177,0.11,5.8,2.67,small-vehicle,No,20
945716,613,97.3,2294.47985,128.95,-5,30.188,0.1,5.8,2.67,small-vehicle,No,20
945717,613,97.4,2297.49865,128.68,-5,30.198,0.1,5.8,2.67,small-vehicle,No,20
945718,613,97.5,2300.51845,128.42,-5,30.2085,0.1,5.8,2.67,small-vehicle,No,20
945719,613,97.6,2303.5393,128.16,-5,30.219,0.15,5.8,2.67,small-vehicle,No,20
945720,613,97.7,2306.5612,127.89,-5,30.234,0.15,5.8,2.67,small-vehicle,No,20
945721,613,97.8,2309.5846,127.63,-5,30.249,0.1,5.8,2.67,small-vehicle,No,20
945722,613,97.9,2312.6095,127.36,-5,30.259,0.1,5.8,2.67,small-vehicle,No,20
945723,613,98.0,2315.6354,127.09,-5,30.2695,0.1,5.8,2.67,small-vehicle,No,20
945724,613,98.1,2318.66235,126.83,-5,30.2795,0.1,5.8,2.67,small-vehicle,No,20
945725,613,98.2,2321.6903,126.56,-5,30.2895,0.1,5.8,2.67,small-vehicle,No,20
945726,613,98.3,2324.71925,126.29,-5,30.3,0.16,5.8,2.67,small-vehicle,No,20
945727,613,98.4,2327.74925,126.03,-5,30.3155,0.15,5.8,2.67,small-vehicle,No,20
945728,613,98.5,2330.7808,125.76,-5,30.3305,0.15,5.8,2.67,small-vehicle,No,20
945729,613,98.6,2333.81385,125.49,-5,30.346,0.2,5.8,2.67,small-vehicle,No,20
945730,613,98.7,2336.84845,125.22,-5,30.366,0.15,5.8,2.67,small-vehicle,No,20
945731,613,98.8,2339.88505,124.95,-5,30.3815,0.16,5.8,2.67,small-vehicle,No,20
945732,613,98.9,2342.9232,124.69,-5,30.397,0.2,5.8,2.67,small-vehicle,No,20
945733,613,99.0,2345.9629,124.42,-5,30.417,0.2,5.8,2.67,small-vehicle,No,20
945734,613,99.1,2349.0046,124.15,-5,30.437,0.15,5.8,2.67,small-vehicle,No,20
945735,613,99.2,2352.0483,123.88,-5,30.452,0.15,5.8,2.67,small-vehicle,No,20
945736,613,99.3,2355.0935,123.61,-5,30.4675,0.15,5.8,2.67,small-vehicle,No,20
945737,613,99.4,2358.14025,123.34,-5,30.4825,0.15,5.8,2.67,small-vehicle,No,20
945738,613,99.5,2361.1885,123.07,-5,30.4975,0.15,5.8,2.67,small-vehicle,No,20
945739,613,99.6,2364.23825,122.8,-5,30.5125,0.1,5.8,2.67,small-vehicle,No,20
945740,613,99.7,2367.2895,122.53,-5,30.522,0.1,5.8,2.67,small-vehicle,No,20
945741,613,99.8,2370.3417,122.26,-5,30.532,0.1,5.8,2.67,small-vehicle,No,20
945742,613,99.9,2373.3949,121.99,-5,30.5415,0.04,5.8,2.67,small-vehicle,No,20
945743,613,100.0,2376.44905,121.72,-5,30.546,0.05,5.8,2.67,small-vehicle,No,20
945744,613,100.1,2379.50365,121.44,-5,30.551,0.04,5.8,2.67,small-vehicle,No,20
945745,613,100.2,2382.55875,121.17,-5,30.555,0.0,5.8,2.67,small-vehicle,No,20
945746,613,100.3,2385.61425,120.9,-5,30.555,-0.01,5.8,2.67,small-vehicle,No,20
945747,613,100.4,2388.66975,120.63,-5,30.554,-0.01,5.8,2.67,small-vehicle,No,20
945748,613,100.5,2391.72515,120.36,-5,30.5535,0.0,5.8,2.67,small-vehicle,No,20
945749,613,100.6,2394.7805,120.09,-5,30.5535,-0.01,5.8,2.67,small-vehicle,No,20
945750,613,100.7,2397.83585,119.82,-5,30.5525,0.0,5.8,2.67,small-vehicle,No,20
945751,613,100.8,2400.8911,119.56,-5,30.5525,0.0,5.8,2.67,small-vehicle,No,20
945752,613,100.9,2403.94635,119.29,-5,30.552,-0.01,5.8,2.67,small-vehicle,No,20
945753,613,101.0,2407.00155,119.02,-5,30.5515,0.0,5.8,2.67,small-vehicle,No,20
945754,613,101.1,2410.0567,118.76,-5,30.5515,-0.05,5.8,2.67,small-vehicle,No,20
945755,613,101.2,2413.11185,118.49,-5,30.546,-0.05,5.8,2.67,small-vehicle,No,20
945756,613,101.3,2416.16645,118.23,-5,30.541,-0.06,5.8,2.67,small-vehicle,No,20
945757,613,101.4,2419.22055,117.97,-5,30.535,-0.06,5.8,2.67,small-vehicle,No,20
945758,613,101.5,2422.27405,117.71,-5,30.5295,-0.05,5.8,2.67,small-vehicle,No,20
945759,613,101.6,2425.327,117.45,-5,30.5245,-0.11,5.8,2.67,small-vehicle,No,20
945760,613,101.7,2428.37945,117.2,-5,30.5135,-0.1,5.8,2.67,small-vehicle,No,20
945761,613,101.8,2431.4308,116.94,-5,30.5035,-0.16,5.8,2.67,small-vehicle,No,20
945762,613,101.9,2434.48115,116.69,-5,30.4875,-0.16,5.8,2.67,small-vehicle,No,20
945763,613,102.0,2437.5299,116.44,-5,30.472,-0.16,5.8,2.67,small-vehicle,No,20
945764,613,102.1,2440.5771,116.19,-5,30.4565,-0.21,5.8,2.67,small-vehicle,No,20
945765,613,102.2,2443.62275,115.94,-5,30.4355,-0.15,5.8,2.67,small-vehicle,No,20
945766,613,102.3,2446.6663,115.7,-5,30.4205,-0.16,5.8,2.67,small-vehicle,No,20
945767,613,102.4,2449.70835,115.46,-5,30.4045,-0.21,5.8,2.67,small-vehicle,No,20
945768,613,102.5,2452.7488,115.23,-5,30.384,-0.2,5.8,2.67,small-vehicle,No,20
945769,613,102.6,2455.7872,114.99,-5,30.364,-0.21,5.8,2.67,small-vehicle,No,20
945770,613,102.7,2458.8236,114.77,-5,30.343,-0.2,5.8,2.67,small-vehicle,No,20
945771,613,102.8,2461.8579,114.54,-5,30.323,-0.2,5.8,2.67,small-vehicle,No,20
945772,613,102.9,2464.8902,114.32,-5,30.3025,-0.2,5.8,2.67,small-vehicle,No,20
945773,613,103.0,2467.92045,114.11,-5,30.282,-0.25,5.8,2.67,small-vehicle,No,20
945774,613,103.1,2470.94865,113.89,-5,30.257,-0.26,5.8,2.67,small-vehicle,No,20
945775,613,103.2,2473.97435,113.69,-5,30.2315,-0.2,5.8,2.67,small-vehicle,No,20
945776,613,103.3,2476.9975,113.49,-5,30.211,-0.2,5.8,2.67,small-vehicle,No,20
945777,613,103.4,2480.0186,113.29,-5,30.191,-0.2,5.8,2.67,small-vehicle,No,20
945778,613,103.5,2483.0377,113.1,-5,30.1705,-0.25,5.8,2.67,small-vehicle,No,20
945779,613,103.6,2486.05475,112.91,-5,30.1455,-0.25,5.8,2.67,small-vehicle,No,20
945780,613,103.7,2489.0693,112.73,-5,30.12,-0.25,5.8,2.67,small-vehicle,No,20
945781,613,103.8,2492.0813,112.55,-5,30.095,-0.25,5.8,2.67,small-vehicle,No,20
945782,613,103.9,2495.0908,112.38,-5,30.0695,-0.25,5.8,2.67,small-vehicle,No,20
945783,613,104.0,2498.09775,112.22,-5,30.0445,-0.31,5.8,2.67,small-vehicle,No,20
945784,613,104.1,2501.1022,112.06,-5,30.0135,-0.3,5.8,2.67,small-vehicle,No,20
945785,613,104.2,2504.10355,111.91,-5,29.983,-0.3,5.8,2.67,small-vehicle,No,20
945786,613,104.3,2507.10185,111.76,-5,29.953,-0.31,5.8,2.67,small-vehicle,No,20
945787,613,104.4,2510.09715,111.62,-5,29.922,-0.35,5.8,2.67,small-vehicle,No,20
945788,613,104.5,2513.08935,111.49,-5,29.887,-0.41,5.8,2.67,small-vehicle,No,20
945789,613,104.6,2516.07805,111.36,-5,29.846,-0.35,5.8,2.67,small-vehicle,No,20
945790,613,104.7,2519.06265,111.24,-5,29.8105,-0.35,5.8,2.67,small-vehicle,No,20
945791,613,104.8,2522.0437,111.13,-5,29.7755,-0.35,5.8,2.67,small-vehicle,No,20
945792,613,104.9,2525.02125,111.02,-5,29.74,-0.35,5.8,2.67,small-vehicle,No,20
945793,613,105.0,2527.99525,110.92,-5,29.7045,-0.35,5.8,2.67,small-vehicle,No,20
945794,613,105.1,2530.9657,110.83,-5,29.6695,-0.35,5.8,2.67,small-vehicle,No,20
945795,613,105.2,2533.93265,110.74,-5,29.634,-0.35,5.8,2.67,small-vehicle,No,20
945796,613,105.3,2536.89605,110.67,-5,29.599,-0.3,5.8,2.67,small-vehicle,No,20
945797,613,105.4,2539.85595,110.59,-5,29.569,-0.35,5.8,2.67,small-vehicle,No,20
945798,613,105.5,2542.81285,110.53,-5,29.534,-0.35,5.8,2.67,small-vehicle,No,20
945799,613,105.6,2545.76625,110.47,-5,29.4985,-0.35,5.8,2.67,small-vehicle,No,20
945800,613,105.7,2548.7161,110.42,-5,29.4635,-0.41,5.8,2.67,small-vehicle,No,20
945801,613,105.8,2551.66245,110.38,-5,29.423,-0.46,5.8,2.67,small-vehicle,No,20
945802,613,105.9,2554.60475,110.34,-5,29.3775,-0.46,5.8,2.67,small-vehicle,No,20
945803,613,106.0,2557.5425,110.31,-5,29.3315,-0.51,5.8,2.67,small-vehicle,No,20
945804,613,106.1,2560.47565,110.28,-5,29.281,-0.56,5.8,2.67,small-vehicle,No,20
945805,613,106.2,2563.40375,110.27,-5,29.225,-0.56,5.8,2.67,small-vehicle,No,20
945806,613,106.3,2566.32625,110.26,-5,29.169,-0.61,5.8,2.67,small-vehicle,No,20
945807,613,106.4,2569.24315,110.26,-5,29.1075,-0.61,5.8,2.67,small-vehicle,No,20
945808,613,106.5,2572.1539,110.26,-5,29.0465,-0.66,5.8,2.67,small-vehicle,No,20
945809,613,106.6,2575.05855,110.27,-5,28.9805,-0.66,5.8,2.67,small-vehicle,No,20
945810,613,106.7,2577.9566,110.29,-5,28.9145,-0.61,5.8,2.67,small-vehicle,No,20
945811,613,106.8,2580.84805,110.31,-5,28.854,-0.6,5.8,2.67,small-vehicle,No,20
945812,613,106.9,2583.73345,110.34,-5,28.7935,-0.61,5.8,2.67,small-vehicle,No,20
945813,613,107.0,2586.6128,110.37,-5,28.733,-0.55,5.8,2.67,small-vehicle,No,20
945814,613,107.1,2589.4861,110.42,-5,28.6785,-0.45,5.8,2.67,small-vehicle,No,20
945815,613,107.2,2592.35395,110.46,-5,28.6335,-0.39,5.8,2.67,small-vehicle,No,20
945816,613,107.3,2595.2173,110.52,-5,28.5945,-0.4,5.8,2.67,small-vehicle,No,20
945817,613,107.4,2598.07675,110.58,-5,28.555,-0.34,5.8,2.67,small-vehicle,No,20
945818,613,107.5,2600.93225,110.64,-5,28.521,-0.34,5.8,2.67,small-vehicle,No,20
945819,613,107.6,2603.78435,110.71,-5,28.487,-0.34,5.8,2.67,small-vehicle,No,20
945820,613,107.7,2606.63305,110.79,-5,28.4525,-0.29,5.8,2.67,small-vehicle,No,20
945821,613,107.8,2609.4783,110.87,-5,28.4235,-0.35,5.8,2.67,small-vehicle,No,20
945822,613,107.9,2612.32065,110.96,-5,28.3885,-0.4,5.8,2.67,small-vehicle,No,20
945823,613,108.0,2615.1595,111.05,-5,28.349,-0.39,5.8,2.67,small-vehicle,No,20
945824,613,108.1,2617.9944,111.15,-5,28.3095,-0.4,5.8,2.67,small-vehicle,No,20
945825,613,108.2,2620.82535,111.26,-5,28.2695,-0.4,5.8,2.67,small-vehicle,No,20
945826,613,108.3,2623.6523,111.37,-5,28.2295,-0.4,5.8,2.67,small-vehicle,No,20
945827,613,108.4,2626.47525,111.48,-5,28.1895,-0.4,5.8,2.67,small-vehicle,No,20
945828,613,108.5,2629.2942,111.61,-5,28.149,-0.45,5.8,2.67,small-vehicle,No,20
945829,613,108.6,2632.1091,111.73,-5,28.104,-0.5,5.8,2.67,small-vehicle,No,20
945830,613,108.7,2634.9195,111.87,-5,28.0535,-0.5,5.8,2.67,small-vehicle,No,20
945831,613,108.8,2637.72485,112.01,-5,28.0035,-0.5,5.8,2.67,small-vehicle,No,20
945832,613,108.9,2640.5252,112.16,-5,27.953,-0.51,5.8,2.67,small-vehicle,No,20
945833,613,109.0,2643.3205,112.31,-5,27.9025,-0.5,5.8,2.67,small-vehicle,No,20
945834,613,109.1,2646.11075,112.47,-5,27.8525,-0.45,5.8,2.67,small-vehicle,No,20
945835,613,109.2,2648.896,112.64,-5,27.807,-0.45,5.8,2.67,small-vehicle,No,20
945836,613,109.3,2651.6767,112.82,-5,27.762,-0.5,5.8,2.67,small-vehicle,No,20
945837,613,109.4,2654.4529,113.0,-5,27.712,-0.45,5.8,2.67,small-vehicle,No,20
945838,613,109.5,2657.2241,113.19,-5,27.667,-0.45,5.8,2.67,small-vehicle,No,20
945839,613,109.6,2659.9908,113.38,-5,27.622,-0.45,5.8,2.67,small-vehicle,No,20
945840,613,109.7,2662.753,113.59,-5,27.577,-0.4,5.8,2.67,small-vehicle,No,20
945841,613,109.8,2665.5107,113.8,-5,27.5375,-0.4,5.8,2.67,small-vehicle,No,20
945842,613,109.9,2668.26445,114.01,-5,27.4975,-0.45,5.8,2.67,small-vehicle,No,20
945843,613,110.0,2671.0142,114.24,-5,27.4525,-0.45,5.8,2.67,small-vehicle,No,20
945844,613,110.1,2673.75945,114.48,-5,27.408,-0.51,5.8,2.67,small-vehicle,No,20
945845,613,110.2,2676.50025,114.72,-5,27.357,-0.61,5.8,2.67,small-vehicle,No,20
945846,613,110.3,2679.23595,114.97,-5,27.2965,-0.66,5.8,2.67,small-vehicle,No,20
945847,613,110.4,2681.9656,115.23,-5,27.2305,-0.77,5.8,2.67,small-vehicle,No,20
945848,613,110.5,2684.68865,115.5,-5,27.154,-0.82,5.8,2.67,small-vehicle,No,20
945849,613,110.6,2687.40405,115.78,-5,27.072,-0.92,5.8,2.67,small-vehicle,No,20
945850,613,110.7,2690.11125,116.07,-5,26.98,-1.08,5.8,2.67,small-vehicle,No,20
945851,613,110.8,2692.80925,116.37,-5,26.872,-1.13,5.8,2.67,small-vehicle,No,20
945852,613,110.9,2695.49645,116.67,-5,26.7595,-1.18,5.8,2.67,small-vehicle,No,20
945853,613,111.0,2698.1724,116.99,-5,26.6415,-1.17,5.8,2.67,small-vehicle,No,20
945854,613,111.1,2700.83655,117.31,-5,26.5245,-1.06,5.8,2.67,small-vehicle,No,20
945855,613,111.2,2703.489,117.64,-5,26.418,-0.96,5.8,2.67,small-vehicle,No,20
945856,613,111.3,2706.1308,117.98,-5,26.3225,-0.85,5.8,2.67,small-vehicle,No,20
945857,613,111.4,2708.76305,118.33,-5,26.237,-0.8,5.8,2.67,small-vehicle,No,20
945858,613,111.5,2711.38675,118.69,-5,26.1575,-0.74,5.8,2.67,small-vehicle,No,20
945859,613,111.6,2714.0025,119.06,-5,26.0835,-0.64,5.8,2.67,small-vehicle,No,20
945860,613,111.7,2716.61085,119.43,-5,26.0195,-0.59,5.8,2.67,small-vehicle,No,20
945861,613,111.8,2719.2128,119.81,-5,25.961,-0.54,5.8,2.67,small-vehicle,No,20
945862,613,111.9,2721.8089,120.2,-5,25.907,-0.49,5.8,2.67,small-vehicle,No,20
945863,613,112.0,2724.3996,120.6,-5,25.8585,-0.49,5.8,2.67,small-vehicle,No,20
945864,613,112.1,2726.98545,121.0,-5,25.81,-0.49,5.8,2.67,small-vehicle,No,20
945865,613,112.2,2729.56645,121.41,-5,25.761,-0.49,5.8,2.67,small-vehicle,No,20
945866,613,112.3,2732.14255,121.83,-5,25.7125,-0.49,5.8,2.67,small-vehicle,No,20
945867,613,112.4,2734.7138,122.25,-5,25.6635,-0.44,5.8,2.67,small-vehicle,No,20
945868,613,112.5,2737.28015,122.68,-5,25.6195,-0.44,5.8,2.67,small-vehicle,No,20
945869,613,112.6,2739.8421,123.11,-5,25.5755,-0.44,5.8,2.67,small-vehicle,No,20
945870,613,112.7,2742.39965,123.55,-5,25.5315,-0.34,5.8,2.67,small-vehicle,No,20
945871,613,112.8,2744.9528,123.99,-5,25.498,-0.23,5.8,2.67,small-vehicle,No,20
945872,613,112.9,2747.5026,124.44,-5,25.4745,-0.13,5.8,2.67,small-vehicle,No,20
945873,613,113.0,2750.05005,124.89,-5,25.4615,-0.02,5.8,2.67,small-vehicle,No,20
945874,613,113.1,2752.5962,125.34,-5,25.4595,0.08,5.8,2.67,small-vehicle,No,20
945875,613,113.2,2755.14215,125.8,-5,25.467,0.13,5.8,2.67,small-vehicle,No,20
945876,613,113.3,2757.68885,126.25,-4,25.48,0.24,5.8,2.67,small-vehicle,No,20
945877,613,113.4,2760.23685,126.71,-4,25.5035,0.39,5.8,2.67,small-vehicle,No,20
945878,613,113.5,2762.7872,127.17,-4,25.542,0.54,5.8,2.67,small-vehicle,No,20
945879,613,113.6,2765.3414,127.63,-4,25.596,0.7,5.8,2.67,small-vehicle,No,20
945880,613,113.7,2767.901,128.09,-4,25.6655,0.8,5.8,2.67,small-vehicle,No,20
945881,613,113.8,2770.46755,128.55,-4,25.7455,0.95,5.8,2.67,small-vehicle,No,20
945882,613,113.9,2773.0421,129.01,-4,25.84,1.1,5.8,2.67,small-vehicle,No,20
945883,613,114.0,2775.6261,129.46,-4,25.95,1.21,5.8,2.67,small-vehicle,No,20
945884,613,114.1,2778.2211,129.92,-4,26.071,1.3,5.8,2.67,small-vehicle,No,20
945885,613,114.2,2780.8282,130.38,-4,26.201,1.45,5.8,2.67,small-vehicle,No,20
945886,613,114.3,2783.4483,130.83,-4,26.3465,1.56,5.8,2.67,small-vehicle,No,20
945887,613,114.4,2786.08295,131.29,-4,26.502,1.54,5.8,2.67,small-vehicle,No,20
945888,613,114.5,2788.73315,131.74,-4,26.6565,1.49,5.8,2.67,small-vehicle,No,20
945889,613,114.6,2791.3988,132.19,-4,26.8055,1.43,5.8,2.67,small-vehicle,No,20
945890,613,114.7,2794.07935,132.64,-4,26.948,1.32,5.8,2.67,small-vehicle,No,20
945891,613,114.8,2796.77415,133.08,-4,27.0805,1.22,5.8,2.67,small-vehicle,No,20
945892,613,114.9,2799.4822,133.53,-4,27.202,1.21,5.8,2.67,small-vehicle,No,20
945893,613,115.0,2802.2024,133.97,-4,27.3225,1.1,5.8,2.67,small-vehicle,No,20
945894,613,115.1,2804.93465,134.42,-4,27.433,1.06,5.8,2.67,small-vehicle,No,20
945895,613,115.2,2807.67795,134.86,-4,27.5385,1.1,5.8,2.67,small-vehicle,No,20
945896,613,115.3,2810.4318,135.29,-4,27.648,1.05,5.8,2.67,small-vehicle,No,20
945897,613,115.4,2813.1966,135.73,-4,27.753,1.05,5.8,2.67,small-vehicle,No,20
945898,613,115.5,2815.9719,136.17,-4,27.858,1.05,5.8,2.67,small-vehicle,No,20
945899,613,115.6,2818.7577,136.6,-4,27.963,1.05,5.8,2.67,small-vehicle,No,20
945900,613,115.7,2821.554,137.03,-4,28.068,1.1,5.8,2.67,small-vehicle,No,20
945901,613,115.8,2824.3608,137.46,-4,28.1785,1.16,5.8,2.67,small-vehicle,No,20
945902,613,115.9,2827.17865,137.89,-4,28.294,1.15,5.8,2.67,small-vehicle,No,20
945903,613,116.0,2830.00805,138.31,-4,28.409,1.16,5.8,2.67,small-vehicle,No,20
945904,613,116.1,2832.84895,138.74,-4,28.525,1.2,5.8,2.67,small-vehicle,No,20
945905,613,116.2,2835.70145,139.16,-4,28.645,1.16,5.8,2.67,small-vehicle,No,20
945906,613,116.3,2838.56595,139.58,-4,28.761,1.15,5.8,2.67,small-vehicle,No,20
945907,613,116.4,2841.44205,140.0,-4,28.876,1.1,5.8,2.67,small-vehicle,No,20
945908,613,116.5,2844.32965,140.42,-4,28.9855,0.99,5.8,2.67,small-vehicle,No,20
945909,613,116.6,2847.2282,140.84,-4,29.085,0.89,5.8,2.67,small-vehicle,No,20
945910,613,116.7,2850.1367,141.25,-4,29.1735,0.79,5.8,2.67,small-vehicle,No,20
945911,613,116.8,2853.05405,141.67,-4,29.2525,0.73,5.8,2.67,small-vehicle,No,20
945912,613,116.9,2855.9793,142.09,-4,29.3255,0.63,5.8,2.67,small-vehicle,No,20
945913,613,117.0,2858.91185,142.5,-4,29.388,0.52,5.8,2.67,small-vehicle,No,20
945914,613,117.1,2861.85065,142.92,-4,29.4405,0.47,5.8,2.67,small-vehicle,No,20
945915,613,117.2,2864.7947,143.33,-4,29.4875,0.43,5.8,2.67,small-vehicle,No,20
945916,613,117.3,2867.74345,143.75,-4,29.5305,0.32,5.8,2.67,small-vehicle,No,20
945917,613,117.4,2870.6965,144.17,-4,29.5625,0.27,5.8,2.67,small-vehicle,No,20
945918,613,117.5,2873.65275,144.59,-4,29.5895,0.28,5.8,2.67,small-vehicle,No,20
945919,613,117.6,2876.6117,145.0,-4,29.6175,0.22,5.8,2.67,small-vehicle,No,20
945920,613,117.7,2879.57345,145.42,-4,29.6395,0.18,5.8,2.67,small-vehicle,No,20
945921,613,117.8,2882.5374,145.84,-4,29.6575,0.13,5.8,2.67,small-vehicle,No,20
945922,613,117.9,2885.50315,146.26,-4,29.67,0.08,5.8,2.67,small-vehicle,No,20
945923,613,118.0,2888.47015,146.68,-4,29.6775,0.13,5.8,2.67,small-vehicle,No,20
945924,613,118.1,2891.4379,147.11,-4,29.691,0.18,5.8,2.67,small-vehicle,No,20
945925,613,118.2,2894.407,147.53,-4,29.709,0.19,5.8,2.67,small-vehicle,No,20
945926,613,118.3,2897.3779,147.95,-4,29.728,0.24,5.8,2.67,small-vehicle,No,20
945927,613,118.4,2900.3507,148.38,-4,29.752,0.24,5.8,2.67,small-vehicle,No,20
945928,613,118.5,2903.3259,148.8,-4,29.7765,0.14,5.8,2.67,small-vehicle,No,20
945929,613,118.6,2906.30355,149.23,-4,29.7905,0.14,5.8,2.67,small-vehicle,No,20
945930,613,118.7,2909.2826,149.65,-4,29.8045,0.09,5.8,2.67,small-vehicle,No,20
945931,613,118.8,2912.26305,150.08,-4,29.8135,0.04,5.8,2.67,small-vehicle,No,20
945932,613,118.9,2915.2444,150.5,-4,29.817,-0.02,5.8,2.67,small-vehicle,No,20
945933,613,119.0,2918.2261,150.93,-4,29.8155,-0.17,5.8,2.67,small-vehicle,No,20
945934,613,119.1,2921.20765,151.35,-4,29.7985,-0.22,5.8,2.67,small-vehicle,No,20
945935,613,119.2,2924.1875,151.78,-4,29.7765,-0.33,5.8,2.67,small-vehicle,No,20
945936,613,119.3,2927.16515,152.2,-4,29.7435,-0.43,5.8,2.67,small-vehicle,No,20
945937,613,119.4,2930.1395,152.63,-4,29.7005,-0.54,5.8,2.67,small-vehicle,No,20
945938,613,119.5,2933.10955,153.05,-4,29.647,-0.63,5.8,2.67,small-vehicle,No,20
945939,613,119.6,2936.07425,153.47,-4,29.584,-0.74,5.8,2.67,small-vehicle,No,20
945940,613,119.7,2939.03265,153.89,-4,29.51,-0.83,5.8,2.67,small-vehicle,No,20
945941,613,119.8,2941.98365,154.31,-4,29.427,-0.84,5.8,2.67,small-vehicle,No,20
945942,613,119.9,2944.92635,154.73,-4,29.343,-0.88,5.8,2.67,small-vehicle,No,20
945943,613,120.0,2947.86065,155.15,-4,29.255,-0.93,5.8,2.67,small-vehicle,No,20
945944,613,120.1,2950.78615,155.56,-4,29.162,-0.87,5.8,2.67,small-vehicle,No,20
945945,613,120.2,2953.70235,155.98,-4,29.0745,-0.77,5.8,2.67,small-vehicle,No,20
945946,613,120.3,2956.6098,156.4,-4,28.998,-0.71,5.8,2.67,small-vehicle,No,20
945947,613,120.4,2959.5096,156.81,-4,28.927,-0.71,5.8,2.67,small-vehicle,No,20
945948,613,120.5,2962.4023,157.22,-4,28.856,-0.66,5.8,2.67,small-vehicle,No,20
945949,613,120.6,2965.2879,157.63,-4,28.7905,-0.65,5.8,2.67,small-vehicle,No,20
945950,613,120.7,2968.16695,158.04,-4,28.725,-0.76,5.8,2.67,small-vehicle,No,20
945951,613,120.8,2971.03945,158.45,-4,28.6495,-0.81,5.8,2.67,small-vehicle,No,20
945952,613,120.9,2973.9044,158.86,-4,28.5685,-0.81,5.8,2.67,small-vehicle,No,20
945953,613,121.0,2976.76125,159.26,-4,28.4875,-0.81,5.8,2.67,small-vehicle,No,20
945954,613,121.1,2979.61,159.66,-4,28.4065,-0.81,5.8,2.67,small-vehicle,No,20
945955,613,121.2,2982.45065,160.06,-4,28.3255,-0.81,5.8,2.67,small-vehicle,No,20
945956,613,121.3,2985.2832,160.45,-4,28.245,-0.81,5.8,2.67,small-vehicle,No,20
945957,613,121.4,2988.1077,160.85,-4,28.164,-0.86,5.8,2.67,small-vehicle,No,20
945958,613,121.5,2990.9241,161.24,-4,28.078,-0.86,5.8,2.67,small-vehicle,No,20
945959,613,121.6,2993.7319,161.63,-4,27.9925,-0.86,5.8,2.67,small-vehicle,No,20
945960,613,121.7,2996.53115,162.02,-4,27.9065,-0.96,5.8,2.67,small-vehicle,No,20
945961,613,121.8,2999.3218,162.4,-4,27.811,-0.96,5.8,2.67,small-vehicle,No,20
945962,613,121.9,3002.1029,162.78,-4,27.715,-0.91,5.8,2.67,small-vehicle,No,20
945963,613,122.0,3004.8744,163.16,-4,27.624,-0.9,5.8,2.67,small-vehicle,No,20
945964,613,122.1,3007.6368,163.53,-4,27.534,-0.85,5.8,2.67,small-vehicle,No,20
945965,613,122.2,3010.3902,163.91,-4,27.4485,-0.74,5.8,2.67,small-vehicle,No,20
945966,613,122.3,3013.13505,164.28,-4,27.3745,-0.64,5.8,2.67,small-vehicle,No,20
945967,613,122.4,3015.8725,164.65,-4,27.31,-0.59,5.8,2.67,small-vehicle,No,20
945968,613,122.5,3018.6035,165.01,-4,27.251,-0.48,5.8,2.67,small-vehicle,No,20
945969,613,122.6,3021.3286,165.38,-4,27.203,-0.33,5.8,2.67,small-vehicle,No,20
945970,613,122.7,3024.0489,165.74,-4,27.17,-0.27,5.8,2.67,small-vehicle,No,20
945971,613,122.8,3026.7659,166.11,-4,27.143,-0.17,5.8,2.67,small-vehicle,No,20
945972,613,122.9,3029.4802,166.47,-4,27.1255,-0.02,5.8,2.67,small-vehicle,No,20
945973,613,123.0,3032.19275,166.84,-4,27.1235,0.04,5.8,2.67,small-vehicle,No,20
945974,613,123.1,3034.9051,167.2,-4,27.1275,0.08,5.8,2.67,small-vehicle,No,20
945975,613,123.2,3037.61785,167.57,-4,27.1355,0.13,5.8,2.67,small-vehicle,No,20
945976,613,123.3,3040.3314,167.94,-4,27.1485,0.18,5.8,2.67,small-vehicle,No,20
945977,613,123.4,3043.04625,168.31,-4,27.1665,0.12,5.8,2.67,small-vehicle,No,20
945978,613,123.5,3045.7629,168.68,-4,27.179,0.07,5.8,2.67,small-vehicle,No,20
945979,613,123.6,3048.4808,169.05,-4,27.1855,0.01,5.8,2.67,small-vehicle,No,20
945980,613,123.7,3051.19935,169.42,-4,27.1865,-0.1,5.8,2.67,small-vehicle,No,20
945981,613,123.8,3053.918,169.8,-4,27.177,-0.2,5.8,2.67,small-vehicle,No,20
945982,613,123.9,3056.6357,170.17,-4,27.1565,-0.31,5.8,2.67,small-vehicle,No,20
945983,613,124.0,3059.35135,170.55,-4,27.126,-0.31,5.8,2.67,small-vehicle,No,20
945984,613,124.1,3062.06395,170.92,-4,27.095,-0.36,5.8,2.67,small-vehicle,No,20
945985,613,124.2,3064.77345,171.3,-4,27.059,-0.41,5.8,2.67,small-vehicle,No,20
945986,613,124.3,3067.47935,171.68,-4,27.018,-0.35,5.8,2.67,small-vehicle,No,20
945987,613,124.4,3070.18115,172.06,-4,26.9825,-0.31,5.8,2.67,small-vehicle,No,20
945988,613,124.5,3072.8794,172.44,-4,26.9515,-0.35,5.8,2.67,small-vehicle,No,20
945989,613,124.6,3075.57455,172.82,-4,26.9165,-0.35,5.8,2.67,small-vehicle,No,20
945990,613,124.7,3078.2662,173.2,-4,26.881,-0.3,5.8,2.67,small-vehicle,No,20
945991,613,124.8,3080.9543,173.58,-4,26.851,-0.36,5.8,2.67,small-vehicle,No,20
945992,613,124.9,3083.6394,173.96,-4,26.815,-0.4,5.8,2.67,small-vehicle,No,20
945993,613,125.0,3086.3209,174.34,-4,26.775,-0.41,5.8,2.67,small-vehicle,No,20
945994,613,125.1,3088.9984,174.72,-4,26.734,-0.45,5.8,2.67,small-vehicle,No,20
945995,613,125.2,3091.6718,175.1,-4,26.6885,-0.46,5.8,2.67,small-vehicle,No,20
945996,613,125.3,3094.34065,175.48,-4,26.6425,-0.46,5.8,2.67,small-vehicle,No,20
945997,613,125.4,3097.0049,175.87,-4,26.597,-0.56,5.8,2.67,small-vehicle,No,20
945998,613,125.5,3099.6646,176.25,-4,26.541,-0.56,5.8,2.67,small-vehicle,No,20
945999,613,125.6,3102.3187,176.64,-4,26.485,-0.56,5.8,2.67,small-vehicle,No,20
946000,613,125.7,3104.9672,177.03,-4,26.429,-0.61,5.8,2.67,small-vehicle,No,20
946001,613,125.8,3107.6101,177.42,-4,26.368,-0.61,5.8,2.67,small-vehicle,No,20
946002,613,125.9,3110.2469,177.81,-4,26.307,-0.66,5.8,2.67,small-vehicle,No,20
946003,613,126.0,3112.8776,178.2,-4,26.2405,-0.71,5.8,2.67,small-vehicle,No,20
946004,613,126.1,3115.50165,178.59,-4,26.1695,-0.66,5.8,2.67,small-vehicle,No,20
946005,613,126.2,3118.1186,178.99,-4,26.1035,-0.6,5.8,2.67,small-vehicle,No,20
946006,613,126.3,3120.72895,179.38,-4,26.043,-0.55,5.8,2.67,small-vehicle,No,20
946007,613,126.4,3123.33325,179.77,-4,25.9875,-0.44,5.8,2.67,small-vehicle,No,20
946008,613,126.5,3125.932,180.16,-4,25.9435,-0.34,5.8,2.67,small-vehicle,No,20
946009,613,126.6,3128.52635,180.54,-4,25.91,-0.18,5.8,2.67,small-vehicle,No,20
946010,613,126.7,3131.11735,180.93,-4,25.8915,-0.03,5.8,2.67,small-vehicle,No,20
946011,613,126.8,3133.7065,181.31,-4,25.889,0.09,5.8,2.67,small-vehicle,No,20
946012,613,126.9,3136.2954,181.69,-4,25.8975,0.23,5.8,2.67,small-vehicle,No,20
946013,613,127.0,3138.88515,182.06,-4,25.921,0.39,5.8,2.67,small-vehicle,No,20
946014,613,127.1,3141.47725,182.44,-4,25.96,0.49,5.8,2.67,small-vehicle,No,20
946015,613,127.2,3144.07325,182.81,-4,26.009,0.59,5.8,2.67,small-vehicle,No,20
946016,613,127.3,3146.67415,183.17,-4,26.068,0.69,5.8,2.67,small-vehicle,No,20
946017,613,127.4,3149.28095,183.54,-4,26.137,0.68,5.8,2.67,small-vehicle,No,20
946018,613,127.5,3151.89465,183.9,-4,26.2055,0.63,5.8,2.67,small-vehicle,No,20
946019,613,127.6,3154.5152,184.26,-4,26.269,0.63,5.8,2.67,small-vehicle,No,20
946020,613,127.7,3157.1421,184.62,-4,26.3315,0.57,5.8,2.67,small-vehicle,No,20
946021,613,127.8,3159.77525,184.97,-4,26.3885,0.46,5.8,2.67,small-vehicle,No,20
946022,613,127.9,3162.4141,185.33,-4,26.435,0.35,5.8,2.67,small-vehicle,No,20
946023,613,128.0,3165.0576,185.68,-4,26.47,0.3,5.8,2.67,small-vehicle,No,20
946024,613,128.1,3167.7046,186.03,-4,26.5,0.19,5.8,2.67,small-vehicle,No,20
946025,613,128.2,3170.3546,186.38,-4,26.5195,0.14,5.8,2.67,small-vehicle,No,20
946026,613,128.3,3173.00655,186.72,-4,26.5335,0.14,5.8,2.67,small-vehicle,No,20
946027,613,128.4,3175.6599,187.06,-4,26.548,0.2,5.8,2.67,small-vehicle,No,20
946028,613,128.5,3178.3147,187.41,-4,26.5675,0.25,5.8,2.67,small-vehicle,No,20
946029,613,128.6,3180.97145,187.74,-4,26.5925,0.3,5.8,2.67,small-vehicle,No,20
946030,613,128.7,3183.6307,188.08,-4,26.623,0.41,5.8,2.67,small-vehicle,No,20
946031,613,128.8,3186.293,188.41,-4,26.6635,0.46,5.8,2.67,small-vehicle,No,20
946032,613,128.9,3188.95935,188.74,-4,26.7095,0.51,5.8,2.67,small-vehicle,No,20
946033,613,129.0,3191.6303,189.07,-4,26.761,0.56,5.8,2.67,small-vehicle,No,20
946034,613,129.1,3194.3064,189.39,-4,26.8175,0.61,5.8,2.67,small-vehicle,No,20
946035,613,129.2,3196.98815,189.71,-4,26.879,0.56,5.8,2.67,small-vehicle,No,20
946036,613,129.3,3199.67605,190.02,-4,26.935,0.57,5.8,2.67,small-vehicle,No,20
946037,613,129.4,3202.36955,190.33,-4,26.9915,0.66,5.8,2.67,small-vehicle,No,20
946038,613,129.5,3205.0687,190.63,-4,27.0575,0.6,5.8,2.67,small-vehicle,No,20
946039,613,129.6,3207.77445,190.93,-4,27.118,0.5,5.8,2.67,small-vehicle,No,20
946040,613,129.7,3210.48625,191.23,-4,27.1685,0.4,5.8,2.67,small-vehicle,No,20
946041,613,129.8,3213.2031,191.52,-4,27.208,0.18,5.8,2.67,small-vehicle,No,20
946042,613,129.9,3215.9239,191.8,-4,27.2265,0.03,5.8,2.67,small-vehicle,No,20
946043,613,130.0,3218.64655,192.08,-4,27.229,-0.19,5.8,2.67,small-vehicle,No,20
946044,613,130.1,3221.36945,192.36,-4,27.2105,-0.5,5.8,2.67,small-vehicle,No,20
946045,613,130.2,3224.0905,192.63,-4,27.161,-0.7,5.8,2.67,small-vehicle,No,20
946046,613,130.3,3226.8066,192.9,-4,27.0905,-0.91,5.8,2.67,small-vehicle,No,20
946047,613,130.4,3229.51565,193.16,-4,26.9995,-1.11,5.8,2.67,small-vehicle,No,20
946048,613,130.5,3232.2156,193.42,-4,26.888,-1.27,5.8,2.67,small-vehicle,No,20
946049,613,130.6,3234.9044,193.67,-4,26.761,-1.36,5.8,2.67,small-vehicle,No,20
946050,613,130.7,3237.5805,193.91,-4,26.625,-1.41,5.8,2.67,small-vehicle,No,20
946051,613,130.8,3240.243,194.16,-4,26.484,-1.4,5.8,2.67,small-vehicle,No,20
946052,613,130.9,3242.8914,194.39,-4,26.344,-1.34,5.8,2.67,small-vehicle,No,20
946053,613,131.0,3245.5258,194.63,-4,26.21,-1.28,5.8,2.67,small-vehicle,No,20
946054,613,131.1,3248.1468,194.85,-4,26.0815,-1.12,5.8,2.67,small-vehicle,No,20
946055,613,131.2,3250.75495,195.08,-4,25.9695,-1.01,5.8,2.67,small-vehicle,No,20
946056,613,131.3,3253.3519,195.29,-4,25.868,-0.9,5.8,2.67,small-vehicle,No,20
946057,613,131.4,3255.9387,195.51,-4,25.778,-0.7,5.8,2.67,small-vehicle,No,20
946058,613,131.5,3258.5165,195.71,-4,25.7085,-0.59,5.8,2.67,small-vehicle,No,20
946059,613,131.6,3261.08735,195.92,-4,25.6495,-0.53,5.8,2.67,small-vehicle,No,20
946060,613,131.7,3263.6523,196.11,-4,25.5965,-0.43,5.8,2.67,small-vehicle,No,20
946061,613,131.8,3266.21195,196.3,-4,25.5535,-0.32,5.8,2.67,small-vehicle,No,20
946062,613,131.9,3268.7673,196.49,-4,25.521,-0.33,5.8,2.67,small-vehicle,No,20
946063,613,132.0,3271.3194,196.67,-4,25.488,-0.33,5.8,2.67,small-vehicle,No,20
946064,613,132.1,3273.8682,196.85,-4,25.4545,-0.34,5.8,2.67,small-vehicle,No,20
946065,613,132.2,3276.41365,197.02,-4,25.421,-0.39,5.8,2.67,small-vehicle,No,20
946066,613,132.3,3278.95575,197.18,-4,25.382,-0.44,5.8,2.67,small-vehicle,No,20
946067,613,132.4,3281.49395,197.35,-4,25.338,-0.44,5.8,2.67,small-vehicle,No,20
946068,613,132.5,3284.02775,197.5,-4,25.294,-0.45,5.8,2.67,small-vehicle,No,20
946069,613,132.6,3286.55715,197.65,-4,25.249,-0.5,5.8,2.67,small-vehicle,No,20
946070,613,132.7,3289.08205,197.8,-4,25.1995,-0.44,5.8,2.67,small-vehicle,No,20
946071,613,132.8,3291.602,197.95,-4,25.155,-0.45,5.8,2.67,small-vehicle,No,20
946072,613,132.9,3294.1175,198.08,-4,25.11,-0.5,5.8,2.67,small-vehicle,No,20
946073,613,133.0,3296.6285,198.22,-4,25.06,-0.5,5.8,2.67,small-vehicle,No,20
946074,613,133.1,3299.1345,198.35,-4,25.01,-0.45,5.8,2.67,small-vehicle,No,20
946075,613,133.2,3301.6355,198.48,-4,24.9655,-0.39,5.8,2.67,small-vehicle,No,20
946076,613,133.3,3304.13205,198.6,-4,24.926,-0.29,5.8,2.67,small-vehicle,No,20
946077,613,133.4,3306.62465,198.72,-4,24.897,-0.18,5.8,2.67,small-vehicle,No,20
946078,613,133.5,3309.11435,198.84,-4,24.8785,-0.14,5.8,2.67,small-vehicle,No,20
946079,613,133.6,3311.6022,198.96,-4,24.865,-0.03,5.8,2.67,small-vehicle,No,20
946080,613,133.7,3314.0887,199.07,-4,24.8625,0.07,5.8,2.67,small-vehicle,No,20
946081,613,133.8,3316.57495,199.18,-4,24.87,0.18,5.8,2.67,small-vehicle,No,20
946082,613,133.9,3319.06195,199.29,-4,24.8875,0.23,5.8,2.67,small-vehicle,No,20
946083,613,134.0,3321.5507,199.39,-4,24.9105,0.33,5.8,2.67,small-vehicle,No,20
946084,613,134.1,3324.04175,199.49,-4,24.9435,0.38,5.8,2.67,small-vehicle,No,20
946085,613,134.2,3326.5361,199.59,-4,24.9815,0.38,5.8,2.67,small-vehicle,No,20
946086,613,134.3,3329.03425,199.69,-4,25.0195,0.43,5.8,2.67,small-vehicle,No,20
946087,613,134.4,3331.5362,199.78,-4,25.062,0.42,5.8,2.67,small-vehicle,No,20
946088,613,134.5,3334.0424,199.87,-4,25.104,0.42,5.8,2.67,small-vehicle,No,20
946089,613,134.6,3336.5528,199.96,-4,25.146,0.36,5.8,2.67,small-vehicle,No,20
946090,613,134.7,3339.0674,200.05,-4,25.1825,0.31,5.8,2.67,small-vehicle,No,20
946091,613,134.8,3341.58565,200.13,-4,25.2135,0.31,5.8,2.67,small-vehicle,No,20
946092,613,134.9,3344.107,200.21,-4,25.244,0.31,5.8,2.67,small-vehicle,No,20
946093,613,135.0,3346.6314,200.29,-4,25.275,0.25,5.8,2.67,small-vehicle,No,20
946094,613,135.1,3349.1589,200.37,-4,25.3,0.2,5.8,2.67,small-vehicle,No,20
946095,613,135.2,3351.6889,200.45,-4,25.3205,0.2,5.8,2.67,small-vehicle,No,20
946096,613,135.3,3354.22095,200.52,-4,25.3405,0.2,5.8,2.67,small-vehicle,No,20
946097,613,135.4,3356.755,200.6,-4,25.3605,0.2,5.8,2.67,small-vehicle,No,20
946098,613,135.5,3359.29105,200.67,-4,25.38,0.2,5.8,2.67,small-vehicle,No,20
946099,613,135.6,3361.82905,200.74,-4,25.4,0.2,5.8,2.67,small-vehicle,No,20
946100,613,135.7,3364.36905,200.82,-4,25.42,0.2,5.8,2.67,small-vehicle,No,20
946101,613,135.8,3366.91105,200.89,-4,25.44,0.2,5.8,2.67,small-vehicle,No,20
946102,613,135.9,3369.45505,200.96,-4,25.46,0.2,5.8,2.67,small-vehicle,No,20
946103,613,136.0,3372.00105,201.02,-4,25.48,0.2,5.8,2.67,small-vehicle,No,20
946104,613,136.1,3374.54905,201.09,-4,25.5,0.15,5.8,2.67,small-vehicle,No,20
946105,613,136.2,3377.09905,201.16,-4,25.515,0.15,5.8,2.67,small-vehicle,No,20
946106,613,136.3,3379.65055,201.23,-4,25.5295,0.2,5.8,2.67,small-vehicle,No,20
946107,613,136.4,3382.2035,201.29,-4,25.5495,0.2,5.8,2.67,small-vehicle,No,20
946108,613,136.5,3384.75845,201.36,-4,25.5695,0.2,5.8,2.67,small-vehicle,No,20
946109,613,136.6,3387.3154,201.43,-4,25.5895,0.2,5.8,2.67,small-vehicle,No,20
946110,613,136.7,3389.87435,201.49,-4,25.6095,0.21,5.8,2.67,small-vehicle,No,20
946111,613,136.8,3392.4353,201.56,-4,25.63,0.2,5.8,2.67,small-vehicle,No,20
946112,613,136.9,3394.9983,201.62,-4,25.65,0.2,5.8,2.67,small-vehicle,No,20
946113,613,137.0,3397.5633,201.69,-4,25.67,0.25,5.8,2.67,small-vehicle,No,20
946114,613,137.1,3400.1303,201.75,-4,25.695,0.25,5.8,2.67,small-vehicle,No,20
946115,613,137.2,3402.6998,201.82,-4,25.7205,0.25,5.8,2.67,small-vehicle,No,20
946116,613,137.3,3405.27185,201.88,-4,25.7455,0.25,5.8,2.67,small-vehicle,No,20
946117,613,137.4,3407.8464,201.95,-4,25.7705,0.25,5.8,2.67,small-vehicle,No,20
946118,613,137.5,3410.42345,202.01,-4,25.796,0.25,5.8,2.67,small-vehicle,No,20
946119,613,137.6,3413.00305,202.08,-4,25.821,0.25,5.8,2.67,small-vehicle,No,20
946120,613,137.7,3415.58515,202.15,-4,25.8465,0.25,5.8,2.67,small-vehicle,No,20
946121,613,137.8,3418.1698,202.22,-4,25.8715,0.26,5.8,2.67,small-vehicle,No,20
946122,613,137.9,3420.75695,202.29,-4,25.897,0.25,5.8,2.67,small-vehicle,No,20
946123,613,138.0,3423.34665,202.36,-4,25.922,0.25,5.8,2.67,small-vehicle,No,20
946124,613,138.1,3425.93885,202.43,-4,25.947,0.25,5.8,2.67,small-vehicle,No,20
946125,613,138.2,3428.53355,202.5,-4,25.972,0.2,5.8,2.67,small-vehicle,No,20
946126,613,138.3,3431.13075,202.57,-4,25.992,0.25,5.8,2.67,small-vehicle,No,20
946127,613,138.4,3433.72995,202.64,-4,26.017,0.24,5.8,2.67,small-vehicle,No,20
946128,613,138.5,3436.33165,202.72,-4,26.0415,0.2,5.8,2.67,small-vehicle,No,20
946129,613,138.6,3438.9358,202.79,-4,26.0615,0.25,5.8,2.67,small-vehicle,No,20
946130,613,138.7,3441.54195,202.86,-4,26.0865,0.25,5.8,2.67,small-vehicle,No,20
946131,613,138.8,3444.1506,202.93,-4,26.1115,0.21,5.8,2.67,small-vehicle,No,20
946132,613,138.9,3446.76175,203.0,-4,26.132,0.25,5.8,2.67,small-vehicle,No,20
946133,613,139.0,3449.37495,203.07,-4,26.157,0.3,5.8,2.67,small-vehicle,No,20
946134,613,139.1,3451.99065,203.14,-4,26.187,0.25,5.8,2.67,small-vehicle,No,20
946135,613,139.2,3454.60935,203.22,-4,26.2125,0.25,5.8,2.67,small-vehicle,No,20
946136,613,139.3,3457.2306,203.29,-4,26.2375,0.3,5.8,2.67,small-vehicle,No,20
946137,613,139.4,3459.85435,203.36,-4,26.2675,0.31,5.8,2.67,small-vehicle,No,20
946138,613,139.5,3462.4811,203.43,-4,26.298,0.35,5.8,2.67,small-vehicle,No,20
946139,613,139.6,3465.1109,203.5,-4,26.333,0.36,5.8,2.67,small-vehicle,No,20
946140,613,139.7,3467.7442,203.57,-4,26.369,0.36,5.8,2.67,small-vehicle,No,20
946141,613,139.8,3470.3811,203.64,-4,26.4045,0.35,5.8,2.67,small-vehicle,No,20
946142,613,139.9,3473.02155,203.72,-4,26.4395,0.36,5.8,2.67,small-vehicle,No,20
946143,613,140.0,3475.6655,203.79,-4,26.475,0.4,5.8,2.67,small-vehicle,No,20
946144,613,140.1,3478.313,203.86,-4,26.5155,0.35,5.8,2.67,small-vehicle,No,20
946145,613,140.2,3480.96455,203.93,-4,26.551,0.35,5.8,2.67,small-vehicle,No,20
946146,613,140.3,3483.61965,204.0,-4,26.586,0.41,5.8,2.67,small-vehicle,No,20
946147,613,140.4,3486.27825,204.07,-4,26.627,0.4,5.8,2.67,small-vehicle,No,20
946148,613,140.5,3488.94095,204.14,-4,26.667,0.4,5.8,2.67,small-vehicle,No,20
946149,613,140.6,3491.60765,204.21,-4,26.707,0.41,5.8,2.67,small-vehicle,No,20
946150,613,140.7,3494.27835,204.28,-4,26.748,0.4,5.8,2.67,small-vehicle,No,20
946151,613,140.8,3496.95315,204.35,-4,26.788,0.41,5.8,2.67,small-vehicle,No,20
946152,613,140.9,3499.63195,204.42,-4,26.8285,0.4,5.8,2.67,small-vehicle,No,20
946153,613,141.0,3502.3148,204.49,-4,26.8685,0.4,5.8,2.67,small-vehicle,No,20
946154,613,141.1,3505.00165,204.55,-4,26.9085,0.4,5.8,2.67,small-vehicle,No,20
946155,613,141.2,3507.6925,204.62,-4,26.949,0.46,5.8,2.67,small-vehicle,No,20
946156,613,141.3,3510.3874,204.69,-4,26.9945,0.45,5.8,2.67,small-vehicle,No,20
946157,613,141.4,3513.08685,204.75,-4,27.0395,0.45,5.8,2.67,small-vehicle,No,20
946158,613,141.5,3515.7908,204.82,-4,27.0845,0.46,5.8,2.67,small-vehicle,No,20
946159,613,141.6,3518.49925,204.88,-4,27.13,0.46,5.8,2.67,small-vehicle,No,20
946160,613,141.7,3521.21225,204.95,-4,27.176,0.5,5.8,2.67,small-vehicle,No,20
946161,613,141.8,3523.92985,205.01,-4,27.226,0.45,5.8,2.67,small-vehicle,No,20
946162,613,141.9,3526.65245,205.07,-4,27.2715,0.45,5.8,2.67,small-vehicle,No,20
946163,613,142.0,3529.3796,205.14,-4,27.3165,0.45,5.8,2.67,small-vehicle,No,20
946164,613,142.1,3532.11125,205.2,-4,27.3615,0.4,5.8,2.67,small-vehicle,No,20
946165,613,142.2,3534.8474,205.26,-4,27.4015,0.4,5.8,2.67,small-vehicle,No,20
946166,613,142.3,3537.58755,205.32,-4,27.441,0.35,5.8,2.67,small-vehicle,No,20
946167,613,142.4,3540.33165,205.38,-4,27.476,0.29,5.8,2.67,small-vehicle,No,20
946168,613,142.5,3543.07925,205.44,-4,27.505,0.29,5.8,2.67,small-vehicle,No,20
946169,613,142.6,3545.82975,205.5,-4,27.5345,0.29,5.8,2.67,small-vehicle,No,20
946170,613,142.7,3548.5832,205.56,-4,27.564,0.24,5.8,2.67,small-vehicle,No,20
946171,613,142.8,3551.3396,205.62,-4,27.588,0.19,5.8,2.67,small-vehicle,No,20
946172,613,142.9,3554.0984,205.67,-4,27.607,0.14,5.8,2.67,small-vehicle,No,20
946173,613,143.0,3556.8591,205.73,-4,27.621,0.08,5.8,2.67,small-vehicle,No,20
946174,613,143.1,3559.6212,205.78,-4,27.6295,0.04,5.8,2.67,small-vehicle,No,20
946175,613,143.2,3562.38415,205.84,-4,27.6335,-0.02,5.8,2.67,small-vehicle,No,20
946176,613,143.3,3565.1475,205.89,-4,27.6315,-0.07,5.8,2.67,small-vehicle,No,20
946177,613,143.4,3567.91065,205.94,-4,27.625,-0.12,5.8,2.67,small-vehicle,No,20
946178,613,143.5,3570.67315,205.99,-4,27.613,-0.17,5.8,2.67,small-vehicle,No,20
946179,613,143.6,3573.43445,206.04,-4,27.596,-0.22,5.8,2.67,small-vehicle,No,20
946180,613,143.7,3576.19405,206.09,-4,27.574,-0.27,5.8,2.67,small-vehicle,No,20
946181,613,143.8,3578.95145,206.13,-4,27.547,-0.32,5.8,2.67,small-vehicle,No,20
946182,613,143.9,3581.70615,206.17,-4,27.515,-0.27,5.8,2.67,small-vehicle,No,20
946183,613,144.0,3584.45765,206.22,-4,27.488,-0.32,5.8,2.67,small-vehicle,No,20
946184,613,144.1,3587.20645,206.26,-4,27.4565,-0.37,5.8,2.67,small-vehicle,No,20
946185,613,144.2,3589.9521,206.29,-4,27.42,-0.31,5.8,2.67,small-vehicle,No,20
946186,613,144.3,3592.6941,206.33,-4,27.3885,-0.31,5.8,2.67,small-vehicle,No,20
946187,613,144.4,3595.43295,206.36,-4,27.3575,-0.37,5.8,2.67,small-vehicle,No,20
946188,613,144.5,3598.1687,206.4,-4,27.321,-0.36,5.8,2.67,small-vehicle,No,20
946189,613,144.6,3600.9008,206.43,-4,27.285,-0.36,5.8,2.67,small-vehicle,No,20
946190,613,144.7,3603.6293,206.46,-4,27.2495,-0.36,5.8,2.67,small-vehicle,No,20
946191,613,144.8,3606.35425,206.49,-4,27.2135,-0.36,5.8,2.67,small-vehicle,No,20
946192,613,144.9,3609.0756,206.52,-4,27.1775,-0.41,5.8,2.67,small-vehicle,No,20
946193,613,145.0,3611.79335,206.55,-4,27.137,-0.41,5.8,2.67,small-vehicle,No,20
946194,613,145.1,3614.50705,206.57,-4,27.096,-0.41,5.8,2.67,small-vehicle,No,20
946195,613,145.2,3617.21665,206.6,-4,27.0555,-0.41,5.8,2.67,small-vehicle,No,20
946196,613,145.3,3619.9222,206.62,-4,27.0145,-0.41,5.8,2.67,small-vehicle,No,20
946197,613,145.4,3622.62365,206.65,-4,26.9735,-0.45,5.8,2.67,small-vehicle,No,20
946198,613,145.5,3625.321,206.67,-4,26.928,-0.51,5.8,2.67,small-vehicle,No,20
946199,613,145.6,3628.0138,206.7,-4,26.877,-0.45,5.8,2.67,small-vehicle,No,20
946200,613,145.7,3630.7015,206.72,-4,26.832,-0.41,5.8,2.67,small-vehicle,No,20
946201,613,145.8,3633.3847,206.74,-4,26.791,-0.45,5.8,2.67,small-vehicle,No,20
946202,613,145.9,3636.0638,206.77,-4,26.746,-0.45,5.8,2.67,small-vehicle,No,20
946203,613,146.0,3638.7384,206.79,-4,26.7005,-0.4,5.8,2.67,small-vehicle,No,20
946204,613,146.1,3641.40845,206.81,-4,26.6605,-0.4,5.8,2.67,small-vehicle,No,20
946205,613,146.2,3644.0745,206.84,-4,26.6205,-0.35,5.8,2.67,small-vehicle,No,20
946206,613,146.3,3646.73655,206.86,-4,26.5855,-0.35,5.8,2.67,small-vehicle,No,20
946207,613,146.4,3649.3951,206.88,-4,26.5505,-0.29,5.8,2.67,small-vehicle,No,20
946208,613,146.5,3652.05015,206.9,-4,26.5215,-0.19,5.8,2.67,small-vehicle,No,20
946209,613,146.6,3654.7023,206.92,-4,26.5025,-0.14,5.8,2.67,small-vehicle,No,20
946210,613,146.7,3657.35255,206.94,-4,26.489,0.02,5.8,2.67,small-vehicle,No,20
946211,613,146.8,3660.00145,206.97,-4,26.4905,0.12,5.8,2.67,small-vehicle,No,20
946212,613,146.9,3662.6505,206.99,-4,26.5025,0.12,5.8,2.67,small-vehicle,No,20
946213,613,147.0,3665.30075,207.02,-4,26.515,0.22,5.8,2.67,small-vehicle,No,20
946214,613,147.1,3667.95225,207.05,-4,26.5375,0.28,5.8,2.67,small-vehicle,No,20
946215,613,147.2,3670.606,207.08,-4,26.5655,0.27,5.8,2.67,small-vehicle,No,20
946216,613,147.3,3673.26255,207.12,-4,26.5925,0.32,5.8,2.67,small-vehicle,No,20
946217,613,147.4,3675.9218,207.15,-4,26.6245,0.32,5.8,2.67,small-vehicle,No,20
946218,613,147.5,3678.58425,207.19,-4,26.6565,0.31,5.8,2.67,small-vehicle,No,20
946219,613,147.6,3681.2499,207.23,-4,26.688,0.31,5.8,2.67,small-vehicle,No,20
946220,613,147.7,3683.9187,207.28,-4,26.7195,0.26,5.8,2.67,small-vehicle,No,20
946221,613,147.8,3686.59065,207.33,-4,26.7455,0.21,5.8,2.67,small-vehicle,No,20
946222,613,147.9,3689.2652,207.38,-4,26.766,0.2,5.8,2.67,small-vehicle,No,20
946223,613,148.0,3691.9418,207.43,-4,26.7865,0.15,5.8,2.67,small-vehicle,No,20
946224,613,148.1,3694.62045,207.49,-4,26.8015,0.05,5.8,2.67,small-vehicle,No,20
946225,613,148.2,3697.3006,207.55,-4,26.8065,-0.01,5.8,2.67,small-vehicle,No,20
946226,613,148.3,3699.98125,207.61,-4,26.8055,-0.01,5.8,2.67,small-vehicle,No,20
946227,613,148.4,3702.6618,207.67,-4,26.8045,-0.06,5.8,2.67,small-vehicle,No,20
946228,613,148.5,3705.34225,207.74,-4,26.7985,-0.17,5.8,2.67,small-vehicle,No,20
946229,613,148.6,3708.0221,207.81,-4,26.782,-0.21,5.8,2.67,small-vehicle,No,20
946230,613,148.7,3710.7003,207.88,-4,26.761,-0.16,5.8,2.67,small-vehicle,No,20
946231,613,148.8,3713.3764,207.95,-4,26.745,-0.17,5.8,2.67,small-vehicle,No,20
946232,613,148.9,3716.0509,208.02,-4,26.7285,-0.21,5.8,2.67,small-vehicle,No,20
946233,613,149.0,3718.72375,208.1,-4,26.7075,-0.21,5.8,2.67,small-vehicle,No,20
946234,613,149.1,3721.3945,208.17,-4,26.6865,-0.26,5.8,2.67,small-vehicle,No,20
946235,613,149.2,3724.06315,208.25,-4,26.661,-0.26,5.8,2.67,small-vehicle,No,20
946236,613,149.3,3726.72925,208.33,-4,26.635,-0.21,5.8,2.67,small-vehicle,No,20
946237,613,149.4,3729.39275,208.41,-4,26.614,-0.26,5.8,2.67,small-vehicle,No,20
946238,613,149.5,3732.05415,208.49,-4,26.5885,-0.26,5.8,2.67,small-vehicle,No,20
946239,613,149.6,3734.713,208.58,-4,26.5625,-0.26,5.8,2.67,small-vehicle,No,20
946240,613,149.7,3737.36925,208.66,-4,26.537,-0.3,5.8,2.67,small-vehicle,No,20
946241,613,149.8,3740.02295,208.75,-4,26.5065,-0.31,5.8,2.67,small-vehicle,No,20
946242,613,149.9,3742.6736,208.84,-4,26.475,-0.36,5.8,2.67,small-vehicle,No,20
946243,613,150.0,3745.3211,208.93,-4,26.439,-0.47,5.8,2.67,small-vehicle,No,20
946244,613,150.1,3747.965,209.03,-4,26.3925,-0.51,5.8,2.67,small-vehicle,No,20
946245,613,150.2,3750.60425,209.12,-4,26.3415,-0.57,5.8,2.67,small-vehicle,No,20
946246,613,150.3,3753.2384,209.21,-4,26.2845,-0.61,5.8,2.67,small-vehicle,No,20
946247,613,150.4,3755.86685,209.3,-4,26.223,-0.62,5.8,2.67,small-vehicle,No,20
946248,613,150.5,3758.48915,209.4,-4,26.161,-0.67,5.8,2.67,small-vehicle,No,20
946249,613,150.6,3761.10525,209.49,-4,26.094,-0.71,5.8,2.67,small-vehicle,No,20
946250,613,150.7,3763.71465,209.59,-4,26.023,-0.72,5.8,2.67,small-vehicle,No,20
946251,613,150.8,3766.31695,209.68,-4,25.951,-0.71,5.8,2.67,small-vehicle,No,20
946252,613,150.9,3768.91205,209.78,-4,25.88,-0.66,5.8,2.67,small-vehicle,No,20
946253,613,151.0,3771.50005,209.87,-4,25.8135,-0.66,5.8,2.67,small-vehicle,No,20
946254,613,151.1,3774.0814,209.96,-4,25.7475,-0.71,5.8,2.67,small-vehicle,No,20
946255,613,151.2,3776.65615,210.05,-4,25.677,-0.66,5.8,2.67,small-vehicle,No,20
946256,613,151.3,3779.22385,210.14,-4,25.6115,-0.6,5.8,2.67,small-vehicle,No,20
946257,613,151.4,3781.785,210.23,-4,25.551,-0.55,5.8,2.67,small-vehicle,No,20
946258,613,151.5,3784.3401,210.31,-4,25.496,-0.54,5.8,2.67,small-vehicle,No,20
946259,613,151.6,3786.8897,210.4,-4,25.4415,-0.49,5.8,2.67,small-vehicle,No,20
946260,613,151.7,3789.43385,210.48,-4,25.3925,-0.39,5.8,2.67,small-vehicle,No,20
946261,613,151.8,3791.9731,210.56,-4,25.353,-0.39,5.8,2.67,small-vehicle,No,20
946262,613,151.9,3794.5084,210.64,-4,25.3135,-0.34,5.8,2.67,small-vehicle,No,20
946263,613,152.0,3797.03975,210.72,-4,25.28,-0.29,5.8,2.67,small-vehicle,No,20
946264,613,152.1,3799.56775,210.8,-4,25.251,-0.29,5.8,2.67,small-vehicle,No,20
946265,613,152.2,3802.09285,210.88,-4,25.2225,-0.24,5.8,2.67,small-vehicle,No,20
946266,613,152.3,3804.6151,210.95,-4,25.1985,-0.18,5.8,2.67,small-vehicle,No,20
946267,613,152.4,3807.13495,211.03,-4,25.1805,-0.13,5.8,2.67,small-vehicle,No,20
946268,613,152.5,3809.653,211.1,-4,25.167,-0.14,5.8,2.67,small-vehicle,No,20
946269,613,152.6,3812.1697,211.18,-4,25.153,-0.14,5.8,2.67,small-vehicle,No,20
946270,613,152.7,3814.685,211.25,-4,25.1395,-0.04,5.8,2.67,small-vehicle,No,20
946271,613,152.8,3817.19895,211.33,-4,25.1355,-0.03,5.8,2.67,small-vehicle,No,20
946272,613,152.9,3819.7125,211.4,-4,25.1325,-0.04,5.8,2.67,small-vehicle,No,20
946273,613,153.0,3822.22575,211.48,-4,25.1285,0.01,5.8,2.67,small-vehicle,No,20
946274,613,153.1,3824.7386,211.55,-4,25.1295,0.02,5.8,2.67,small-vehicle,No,20
946275,613,153.2,3827.25155,211.62,-4,25.1315,0.06,5.8,2.67,small-vehicle,No,20
946276,613,153.3,3829.7647,211.7,-4,25.1375,0.06,5.8,2.67,small-vehicle,No,20
946277,613,153.4,3832.27845,211.77,-4,25.144,0.07,5.8,2.67,small-vehicle,No,20
946278,613,153.5,3834.79285,211.84,-4,25.1505,0.11,5.8,2.67,small-vehicle,No,20
946279,613,153.6,3837.3079,211.91,-4,25.1615,0.16,5.8,2.67,small-vehicle,No,20
946280,613,153.7,3839.82405,211.98,-4,25.1775,0.16,5.8,2.67,small-vehicle,No,20
946281,613,153.8,3842.3418,212.05,-4,25.1935,0.11,5.8,2.67,small-vehicle,No,20
946282,613,153.9,3844.86115,212.12,-4,25.205,0.16,5.8,2.67,small-vehicle,No,20
946283,613,154.0,3847.38165,212.19,-4,25.2205,0.16,5.8,2.67,small-vehicle,No,20
946284,613,154.1,3849.9037,212.26,-4,25.2365,0.16,5.8,2.67,small-vehicle,No,20
946285,613,154.2,3852.42735,212.33,-4,25.2525,0.21,5.8,2.67,small-vehicle,No,20
946286,613,154.3,3854.9526,212.39,-4,25.273,0.21,5.8,2.67,small-vehicle,No,20
946287,613,154.4,3857.4799,212.46,-4,25.294,0.21,5.8,2.67,small-vehicle,No,20
946288,613,154.5,3860.0093,212.52,-4,25.3145,0.15,5.8,2.67,small-vehicle,No,20
946289,613,154.6,3862.54075,212.59,-4,25.33,0.15,5.8,2.67,small-vehicle,No,20
946290,613,154.7,3865.07375,212.65,-4,25.3455,0.21,5.8,2.67,small-vehicle,No,20
946291,613,154.8,3867.6083,212.72,-4,25.366,0.15,5.8,2.67,small-vehicle,No,20
946292,613,154.9,3870.1449,212.78,-4,25.381,0.1,5.8,2.67,small-vehicle,No,20
946293,613,155.0,3872.683,212.85,-4,25.391,0.15,5.8,2.67,small-vehicle,No,20
946294,613,155.1,3875.2221,212.91,-4,25.406,0.15,5.8,2.67,small-vehicle,No,20
946295,613,155.2,3877.7627,212.97,-4,25.4215,0.1,5.8,2.67,small-vehicle,No,20
946296,613,155.3,3880.30485,213.04,-4,25.4315,0.15,5.8,2.67,small-vehicle,No,20
946297,613,155.4,3882.848,213.1,-4,25.4465,0.15,5.8,2.67,small-vehicle,No,20
946298,613,155.5,3885.39265,213.17,-4,25.4615,0.15,5.8,2.67,small-vehicle,No,20
946299,613,155.6,3887.9388,213.23,-4,25.4765,0.15,5.8,2.67,small-vehicle,No,20
946300,613,155.7,3890.48645,213.29,-4,25.4915,0.1,5.8,2.67,small-vehicle,No,20
946301,613,155.8,3893.0356,213.36,-4,25.5015,0.1,5.8,2.67,small-vehicle,No,20
946302,613,155.9,3895.58575,213.42,-4,25.5115,0.09,5.8,2.67,small-vehicle,No,20
946303,613,156.0,3898.1369,213.48,-4,25.521,0.05,5.8,2.67,small-vehicle,No,20
946304,613,156.1,3900.689,213.54,-4,25.5255,-0.01,5.8,2.67,small-vehicle,No,20
946305,613,156.2,3903.24155,213.6,-4,25.525,-0.06,5.8,2.67,small-vehicle,No,20
946306,613,156.3,3905.79405,213.66,-4,25.519,-0.06,5.8,2.67,small-vehicle,No,20
946307,613,156.4,3908.34595,213.71,-4,25.5135,-0.11,5.8,2.67,small-vehicle,No,20
946308,613,156.5,3910.8973,213.77,-4,25.502,-0.21,5.8,2.67,small-vehicle,No,20
946309,613,156.6,3913.4475,213.82,-4,25.4805,-0.27,5.8,2.67,small-vehicle,No,20
946310,613,156.7,3915.99555,213.87,-4,25.454,-0.37,5.8,2.67,small-vehicle,No,20
946311,613,156.8,3918.54095,213.92,-4,25.417,-0.42,5.8,2.67,small-vehicle,No,20
946312,613,156.9,3921.08265,213.96,-4,25.375,-0.47,5.8,2.67,small-vehicle,No,20
946313,613,157.0,3923.62015,214.01,-4,25.3275,-0.52,5.8,2.67,small-vehicle,No,20
946314,613,157.1,3926.1529,214.05,-4,25.2755,-0.52,5.8,2.67,small-vehicle,No,20
946315,613,157.2,3928.68045,214.09,-4,25.2235,-0.51,5.8,2.67,small-vehicle,No,20
946316,613,157.3,3931.2028,214.13,-4,25.172,-0.52,5.8,2.67,small-vehicle,No,20
946317,613,157.4,3933.72,214.17,-4,25.1205,-0.57,5.8,2.67,small-vehicle,No,20
946318,613,157.5,3936.23205,214.21,-4,25.0635,-0.62,5.8,2.67,small-vehicle,No,20
946319,613,157.6,3938.7384,214.25,-4,25.002,-0.56,5.8,2.67,small-vehicle,No,20
946320,613,157.7,3941.2386,214.29,-4,24.946,-0.51,5.8,2.67,small-vehicle,No,20
946321,613,157.8,3943.7332,214.33,-4,24.895,-0.5,5.8,2.67,small-vehicle,No,20
946322,613,157.9,3946.2227,214.37,-4,24.8445,-0.45,5.8,2.67,small-vehicle,No,20
946323,613,158.0,3948.70715,214.42,-4,24.7995,-0.35,5.8,2.67,small-vehicle,No,20
946324,613,158.1,3951.1871,214.46,-4,24.7645,-0.29,5.8,2.67,small-vehicle,No,20
946325,613,158.2,3953.66355,214.5,-4,24.7355,-0.24,5.8,2.67,small-vehicle,No,20
946326,613,158.3,3956.1371,214.55,-4,24.7115,-0.2,5.8,2.67,small-vehicle,No,20
946327,613,158.4,3958.60825,214.59,-4,24.692,-0.19,5.8,2.67,small-vehicle,No,20
946328,613,158.5,3961.07745,214.64,-4,24.673,-0.24,5.8,2.67,small-vehicle,No,20
946329,613,158.6,3963.54475,214.68,-4,24.6485,-0.3,5.8,2.67,small-vehicle,No,20
946330,613,158.7,3966.0096,214.73,-4,24.619,-0.3,5.8,2.67,small-vehicle,No,20
946331,613,158.8,3968.4715,214.77,-4,24.589,-0.35,5.8,2.67,small-vehicle,No,20
946332,613,158.9,3970.9304,214.82,-4,24.5535,-0.4,5.8,2.67,small-vehicle,No,20
946333,613,159.0,3973.38575,214.86,-4,24.5135,-0.46,5.8,2.67,small-vehicle,No,20
946334,613,159.1,3975.8371,214.91,-4,24.4675,-0.51,5.8,2.67,small-vehicle,No,20
946335,613,159.2,3978.28385,214.95,-4,24.417,-0.46,5.8,2.67,small-vehicle,No,20
946336,613,159.3,3980.72555,214.99,-4,24.371,-0.45,5.8,2.67,small-vehicle,No,20
946337,613,159.4,3983.16265,215.04,-4,24.326,-0.46,5.8,2.67,small-vehicle,No,20
946338,613,159.5,3985.59525,215.08,-4,24.28,-0.4,5.8,2.67,small-vehicle,No,20
946339,613,159.6,3988.02325,215.13,-4,24.24,-0.4,5.8,2.67,small-vehicle,No,20
946340,613,159.7,3990.44725,215.17,-4,24.2005,-0.34,5.8,2.67,small-vehicle,No,20
946341,613,159.8,3992.8673,215.22,-4,24.166,-0.19,5.8,2.67,small-vehicle,No,20
946342,613,159.9,3995.2839,215.27,-4,24.1465,-0.08,5.8,2.67,small-vehicle,No,20
946343,613,160.0,3997.69855,215.33,-4,24.1385,-0.03,5.8,2.67,small-vehicle,No,20
946344,613,160.1,4000.1124,215.39,-4,24.135,0.18,5.8,2.67,small-vehicle,No,20
946345,613,160.2,4002.5259,215.46,-4,24.153,0.33,5.8,2.67,small-vehicle,No,20
946346,613,160.3,4004.9412,215.53,-4,24.186,0.44,5.8,2.67,small-vehicle,No,20
946347,613,160.4,4007.3598,215.61,-4,24.23,0.59,5.8,2.67,small-vehicle,No,20
946348,613,160.5,4009.7828,215.69,-4,24.289,0.63,5.8,2.67,small-vehicle,No,20
946349,613,160.6,4012.2117,215.79,-4,24.3525,0.64,5.8,2.67,small-vehicle,No,20
946350,613,160.7,4014.64695,215.88,-4,24.4165,0.68,5.8,2.67,small-vehicle,No,20
946351,613,160.8,4017.0886,215.98,-4,24.4845,0.68,5.8,2.67,small-vehicle,No,20
946352,613,160.9,4019.53705,216.09,-4,24.5525,0.68,5.8,2.67,small-vehicle,No,20
946353,613,161.0,4021.9923,216.19,-4,24.62,0.67,5.8,2.67,small-vehicle,No,20
946354,613,161.1,4024.4543,216.31,-4,24.687,0.62,5.8,2.67,small-vehicle,No,20
946355,613,161.2,4026.923,216.42,-4,24.749,0.56,5.8,2.67,small-vehicle,No,20
946356,613,161.3,4029.3979,216.54,-4,24.8045,0.46,5.8,2.67,small-vehicle,No,20
946357,613,161.4,4031.87835,216.67,-4,24.85,0.29,5.8,2.67,small-vehicle,No,20
946358,613,161.5,4034.36335,216.79,-4,24.8795,0.13,5.8,2.67,small-vehicle,No,20
946359,613,161.6,4036.8513,216.92,-4,24.8925,0.03,5.8,2.67,small-vehicle,No,20
946360,613,161.7,4039.34055,217.06,-4,24.896,-0.07,5.8,2.67,small-vehicle,No,20
946361,613,161.8,4041.83015,217.19,-4,24.8885,-0.12,5.8,2.67,small-vehicle,No,20
946362,613,161.9,4044.319,217.33,-4,24.8765,-0.12,5.8,2.67,small-vehicle,No,20
946363,613,162.0,4046.80665,217.48,-4,24.8645,-0.06,5.8,2.67,small-vehicle,No,20
946364,613,162.1,4049.2931,217.63,-4,24.858,0.04,5.8,2.67,small-vehicle,No,20
946365,613,162.2,4051.7789,217.79,-4,24.8625,0.1,5.8,2.67,small-vehicle,No,20
946366,613,162.3,4054.26515,217.96,-4,24.872,0.21,5.8,2.67,small-vehicle,No,20
946367,613,162.4,4056.75235,218.13,-4,24.8925,0.36,5.8,2.67,small-vehicle,No,20
946368,613,162.5,4059.2416,218.32,-4,24.9285,0.41,5.8,2.67,small-vehicle,No,20
946369,613,162.6,4061.73445,218.51,-4,24.9695,0.47,5.8,2.67,small-vehicle,No,20
946370,613,162.7,4064.2314,218.71,-4,25.0165,0.52,5.8,2.67,small-vehicle,No,20
946371,613,162.8,4066.73305,218.92,-4,25.068,0.57,5.8,2.67,small-vehicle,No,20
946372,613,162.9,4069.23985,219.15,-4,25.125,0.56,5.8,2.67,small-vehicle,No,20
946373,613,163.0,4071.75235,219.37,-4,25.1815,0.51,5.8,2.67,small-vehicle,No,20
946374,613,163.1,4074.2705,219.61,-4,25.2325,0.46,5.8,2.67,small-vehicle,No,20
946375,613,163.2,4076.79375,219.86,-4,25.2785,0.41,5.8,2.67,small-vehicle,No,20
946376,613,163.3,4079.3216,220.11,-4,25.319,0.39,5.8,2.67,small-vehicle,No,20
946377,613,163.4,4081.8535,220.37,-4,25.3585,0.35,5.8,2.67,small-vehicle,No,20
946378,613,163.5,4084.38935,220.63,-4,25.3935,0.19,5.8,2.67,small-vehicle,No,20
946379,613,163.6,4086.9287,220.9,-4,25.4125,0.09,5.8,2.67,small-vehicle,No,20
946380,613,163.7,4089.46995,221.18,-4,25.4215,0.03,5.8,2.67,small-vehicle,No,20
946381,613,163.8,4092.0121,221.46,-4,25.4245,-0.07,5.8,2.67,small-vehicle,No,20
946382,613,163.9,4094.55455,221.74,-4,25.4175,-0.13,5.8,2.67,small-vehicle,No,20
946383,613,164.0,4097.0963,222.04,-4,25.405,-0.18,5.8,2.67,small-vehicle,No,20
946384,613,164.1,4099.6368,222.33,-4,25.3875,-0.22,5.8,2.67,small-vehicle,No,20
946385,613,164.2,4102.17555,222.64,-4,25.3655,-0.27,5.8,2.67,small-vehicle,No,20
946386,613,164.3,4104.7121,222.95,-4,25.3385,-0.27,5.8,2.67,small-vehicle,No,20
946387,613,164.4,4107.24595,223.26,-4,25.3115,-0.27,5.8,2.67,small-vehicle,No,20
946388,613,164.5,4109.7771,223.59,-4,25.2845,-0.37,5.8,2.67,small-vehicle,No,20
946389,613,164.6,4112.30555,223.92,-4,25.2475,-0.37,5.8,2.67,small-vehicle,No,20
946390,613,164.7,4114.8303,224.26,-4,25.211,-0.31,5.8,2.67,small-vehicle,No,20
946391,613,164.8,4117.3514,224.6,-4,25.1795,-0.26,5.8,2.67,small-vehicle,No,20
946392,613,164.9,4119.86935,224.95,-4,25.1535,-0.2,5.8,2.67,small-vehicle,No,20
946393,613,165.0,4122.3847,225.31,-4,25.133,-0.15,5.8,2.67,small-vehicle,No,20
946394,613,165.1,4124.898,225.68,-4,25.118,-0.04,5.8,2.67,small-vehicle,No,20
946395,613,165.2,4127.4098,226.06,-4,25.114,0.06,5.8,2.67,small-vehicle,No,20
946396,613,165.3,4129.9212,226.44,-4,25.1195,0.11,5.8,2.67,small-vehicle,No,20
946397,613,165.4,4132.43315,226.84,-4,25.1305,0.06,5.8,2.67,small-vehicle,No,20
946398,613,165.5,4134.9462,227.23,-4,25.1365,0.06,5.8,2.67,small-vehicle,No,20
946399,613,165.6,4137.45985,227.64,-4,25.1425,0.06,5.8,2.67,small-vehicle,No,20
946400,613,165.7,4139.9741,228.05,-4,25.1485,0.0,5.8,2.67,small-vehicle,No,20
946401,613,165.8,4142.48895,228.47,-4,25.148,-0.05,5.8,2.67,small-vehicle,No,20
946402,613,165.9,4145.00375,228.9,-4,25.143,-0.16,5.8,2.67,small-vehicle,No,20
946403,613,166.0,4147.51805,229.32,-4,25.127,-0.26,5.8,2.67,small-vehicle,No,20
946404,613,166.1,4150.03075,229.76,-4,25.101,-0.31,5.8,2.67,small-vehicle,No,20
946405,613,166.2,4152.54085,230.2,-4,25.07,-0.31,5.8,2.67,small-vehicle,No,20
946406,613,166.3,4155.04785,230.64,-4,25.039,-0.26,5.8,2.67,small-vehicle,No,20
946407,613,166.4,4157.55175,231.09,-4,25.0125,-0.25,5.8,2.67,small-vehicle,No,20
946408,613,166.5,4160.053,231.54,-4,24.987,-0.2,5.8,2.67,small-vehicle,No,20
946409,613,166.6,4162.5517,232.01,-4,24.967,-0.15,5.8,2.67,small-vehicle,No,20
946410,613,166.7,4165.0484,232.47,-4,24.952,-0.2,5.8,2.67,small-vehicle,No,20
946411,613,166.8,4167.5436,232.95,-4,24.932,-0.15,5.8,2.67,small-vehicle,No,20
946412,613,166.9,4170.0368,233.43,-4,24.917,-0.1,5.8,2.67,small-vehicle,No,20
946413,613,167.0,4172.5285,233.92,-4,24.907,-0.15,5.8,2.67,small-vehicle,No,20
946414,613,167.1,4175.0192,234.41,-4,24.8925,-0.15,5.8,2.67,small-vehicle,No,20
946415,613,167.2,4177.50845,234.92,-4,24.8775,-0.15,5.8,2.67,small-vehicle,No,20
946416,613,167.3,4179.9962,235.42,-4,24.8625,-0.2,5.8,2.67,small-vehicle,No,20
946417,613,167.4,4182.48245,235.94,-4,24.8425,-0.21,5.8,2.67,small-vehicle,No,20
946418,613,167.5,4184.9667,236.46,-4,24.8215,-0.2,5.8,2.67,small-vehicle,No,20
946419,613,167.6,4187.44885,236.99,-4,24.8015,-0.2,5.8,2.67,small-vehicle,No,20
946420,613,167.7,4189.929,237.53,-4,24.7815,-0.2,5.8,2.67,small-vehicle,No,20
946421,613,167.8,4192.40715,238.07,-4,24.761,-0.2,5.8,2.67,small-vehicle,No,20
946422,613,167.9,4194.88325,238.62,-4,24.741,-0.15,5.8,2.67,small-vehicle,No,20
946423,613,168.0,4197.35735,239.17,-4,24.7265,-0.04,5.8,2.67,small-vehicle,No,20
946424,613,168.1,4199.83,239.73,-4,24.722,0.01,5.8,2.67,small-vehicle,No,20
946425,613,168.2,4202.3022,240.29,-4,24.723,0.07,5.8,2.67,small-vehicle,No,20
946426,613,168.3,4204.7745,240.86,-4,24.7295,0.11,5.8,2.67,small-vehicle,No,20
946427,613,168.4,4207.24745,241.44,-4,24.7405,0.06,5.8,2.67,small-vehicle,No,20
946428,613,168.5,4209.7215,242.03,-4,24.7465,0.01,5.8,2.67,small-vehicle,No,20
946429,613,168.6,4212.19615,242.62,-4,24.747,-0.05,5.8,2.67,small-vehicle,No,20
946430,613,168.7,4214.67085,243.21,-4,24.742,-0.16,5.8,2.67,small-vehicle,No,20
946431,613,168.8,4217.14505,243.81,-4,24.726,-0.32,5.8,2.67,small-vehicle,No,20
946432,613,168.9,4219.61765,244.42,-4,24.6945,-0.41,5.8,2.67,small-vehicle,No,20
946433,613,169.0,4222.0871,245.03,-4,24.653,-0.47,5.8,2.67,small-vehicle,No,20
946434,613,169.1,4224.5524,245.64,-4,24.606,-0.52,5.8,2.67,small-vehicle,No,20
946435,613,169.2,4227.013,246.26,-4,24.554,-0.51,5.8,2.67,small-vehicle,No,20
946436,613,169.3,4229.4684,246.89,-4,24.5025,-0.57,5.8,2.67,small-vehicle,No,20
946437,613,169.4,4231.91865,247.51,-4,24.4455,-0.52,5.8,2.67,small-vehicle,No,20
946438,613,169.5,4234.3632,248.15,-4,24.394,-0.46,5.8,2.67,small-vehicle,No,20
946439,613,169.6,4236.8026,248.79,-4,24.348,-0.51,5.8,2.67,small-vehicle,No,20
946440,613,169.7,4239.2374,249.44,-4,24.2975,-0.51,5.8,2.67,small-vehicle,No,20
946441,613,169.8,4241.66715,250.09,-4,24.2465,-0.57,5.8,2.67,small-vehicle,No,20
946442,613,169.9,4244.0918,250.75,-4,24.19,-0.61,5.8,2.67,small-vehicle,No,20
946443,613,170.0,4246.5108,251.41,-4,24.129,-0.71,5.8,2.67,small-vehicle,No,20
946444,613,170.1,4248.9237,252.08,-4,24.0575,-0.82,5.8,2.67,small-vehicle,No,20
946445,613,170.2,4251.32945,252.75,-4,23.9755,-0.82,5.8,2.67,small-vehicle,No,20
946446,613,170.3,4253.727,253.42,-4,23.893,-0.92,5.8,2.67,small-vehicle,No,20
946447,613,170.4,4256.1163,254.1,-4,23.801,-0.98,5.8,2.67,small-vehicle,No,20
946448,613,170.5,4258.4964,254.78,-4,23.7035,-0.98,5.8,2.67,small-vehicle,No,20
946449,613,170.6,4260.86675,255.46,-4,23.606,-1.07,5.8,2.67,small-vehicle,No,20
946450,613,170.7,4263.22735,256.15,-4,23.499,-1.07,5.8,2.67,small-vehicle,No,20
946451,613,170.8,4265.57725,256.84,-4,23.392,-1.01,5.8,2.67,small-vehicle,No,20
946452,613,170.9,4267.91645,257.54,-4,23.291,-1.02,5.8,2.67,small-vehicle,No,20
946453,613,171.0,4270.24555,258.24,-4,23.189,-1.06,5.8,2.67,small-vehicle,No,20
946454,613,171.1,4272.56445,258.94,-4,23.083,-1.06,5.8,2.67,small-vehicle,No,20
946455,613,171.2,4274.87275,259.65,-4,22.977,-1.06,5.8,2.67,small-vehicle,No,20
946456,613,171.3,4277.17045,260.35,-4,22.8705,-1.12,5.8,2.67,small-vehicle,No,20
946457,613,171.4,4279.4575,261.07,-4,22.759,-1.11,5.8,2.67,small-vehicle,No,20
946458,613,171.5,4281.7334,261.78,-4,22.648,-1.11,5.8,2.67,small-vehicle,No,20
946459,613,171.6,4283.9982,262.5,-4,22.537,-1.16,5.8,2.67,small-vehicle,No,20
946460,613,171.7,4286.2519,263.22,-4,22.421,-1.16,5.8,2.67,small-vehicle,No,20
946461,613,171.8,4288.494,263.95,-4,22.305,-1.11,5.8,2.67,small-vehicle,No,20
946462,613,171.9,4290.7245,264.67,-4,22.194,-1.05,5.8,2.67,small-vehicle,No,20
946463,613,172.0,4292.9439,265.4,-4,22.089,-0.95,5.8,2.67,small-vehicle,No,20
946464,613,172.1,4295.1528,266.14,-4,21.994,-0.84,5.8,2.67,small-vehicle,No,20
946465,613,172.2,4297.3522,266.88,-4,21.9105,-0.68,5.8,2.67,small-vehicle,No,20
946466,613,172.3,4299.54325,267.63,-4,21.842,-0.53,5.8,2.67,small-vehicle,No,20
946467,613,172.4,4301.72745,268.38,-4,21.7895,-0.42,5.8,2.67,small-vehicle,No,20
946468,613,172.5,4303.9064,269.14,-4,21.7475,-0.32,5.8,2.67,small-vehicle,No,20
946469,613,172.6,4306.08115,269.9,-4,21.7155,-0.27,5.8,2.67,small-vehicle,No,20
946470,613,172.7,4308.2527,270.67,-4,21.689,-0.27,5.8,2.67,small-vehicle,No,20
946471,613,172.8,4310.4216,271.44,-4,21.6615,-0.33,5.8,2.67,small-vehicle,No,20
946472,613,172.9,4312.58775,272.22,-4,21.6285,-0.39,5.8,2.67,small-vehicle,No,20
946473,613,173.0,4314.7506,273.0,-4,21.59,-0.44,5.8,2.67,small-vehicle,No,20
946474,613,173.1,4316.9096,273.79,-4,21.5455,-0.49,5.8,2.67,small-vehicle,No,20
946475,613,173.2,4319.06415,274.57,-4,21.4965,-0.55,5.8,2.67,small-vehicle,No,20
946476,613,173.3,4321.2138,275.36,-4,21.4415,-0.6,5.8,2.67,small-vehicle,No,20
946477,613,173.4,4323.35795,276.16,-4,21.3815,-0.55,5.8,2.67,small-vehicle,No,20
946478,613,173.5,4325.4961,276.95,-4,21.3265,-0.5,5.8,2.67,small-vehicle,No,20
946479,613,173.6,4327.62875,277.75,-4,21.2765,-0.49,5.8,2.67,small-vehicle,No,20
946480,613,173.7,4329.7564,278.55,-4,21.2275,-0.39,5.8,2.67,small-vehicle,No,20
946481,613,173.8,4331.87915,279.36,-4,21.1885,-0.28,5.8,2.67,small-vehicle,No,20
946482,613,173.9,4333.998,280.17,-4,21.16,-0.24,5.8,2.67,small-vehicle,No,20
946483,613,174.0,4336.114,280.98,-4,21.1365,-0.13,5.8,2.67,small-vehicle,No,20
946484,613,174.1,4338.22765,281.8,-4,21.1235,-0.03,5.8,2.67,small-vehicle,No,20
946485,613,174.2,4340.34,282.63,-4,21.1205,0.02,5.8,2.67,small-vehicle,No,20
946486,613,174.3,4342.45205,283.46,-4,21.123,0.08,5.8,2.67,small-vehicle,No,20
946487,613,174.4,4344.56435,284.3,-4,21.131,0.23,5.8,2.67,small-vehicle,No,20
946488,613,174.5,4346.67745,285.14,-4,21.1535,0.33,5.8,2.67,small-vehicle,No,20
946489,613,174.6,4348.7928,285.98,-4,21.1865,0.33,5.8,2.67,small-vehicle,No,20
946490,613,174.7,4350.91145,286.84,-4,21.2195,0.38,5.8,2.67,small-vehicle,No,20
946491,613,174.8,4353.0334,287.7,-4,21.258,0.48,5.8,2.67,small-vehicle,No,20
946492,613,174.9,4355.1592,288.56,-4,21.306,0.53,5.8,2.67,small-vehicle,No,20
946493,613,175.0,4357.2898,289.43,-4,21.359,0.52,5.8,2.67,small-vehicle,No,20
946494,613,175.1,4359.4257,290.31,-4,21.411,0.47,5.8,2.67,small-vehicle,No,20
946495,613,175.2,4361.5668,291.19,-4,21.4585,0.47,5.8,2.67,small-vehicle,No,20
946496,613,175.3,4363.71265,292.08,-4,21.505,0.47,5.8,2.67,small-vehicle,No,20
946497,613,175.4,4365.86315,292.97,-4,21.552,0.46,5.8,2.67,small-vehicle,No,20
946498,613,175.5,4368.01835,293.87,-4,21.598,0.41,5.8,2.67,small-vehicle,No,20
946499,613,175.6,4370.17815,294.78,-4,21.639,0.3,5.8,2.67,small-vehicle,No,20
946500,613,175.7,4372.34205,295.69,-4,21.669,0.25,5.8,2.67,small-vehicle,No,20
946501,613,175.8,4374.50895,296.6,-4,21.694,0.19,5.8,2.67,small-vehicle,No,20
946502,613,175.9,4376.67835,297.51,-4,21.713,0.2,5.8,2.67,small-vehicle,No,20
946503,613,176.0,4378.84965,298.43,-4,21.733,0.14,5.8,2.67,small-vehicle,No,20
946504,613,176.1,4381.02295,299.36,-4,21.747,0.2,5.8,2.67,small-vehicle,No,20
946505,613,176.2,4383.19765,300.29,-4,21.767,0.3,5.8,2.67,small-vehicle,No,20
946506,613,176.3,4385.37435,301.22,-4,21.797,0.36,5.8,2.67,small-vehicle,No,20
946507,613,176.4,4387.55405,302.16,-4,21.833,0.41,5.8,2.67,small-vehicle,No,20
946508,613,176.5,4389.73735,303.11,-4,21.8735,0.52,5.8,2.67,small-vehicle,No,20
946509,613,176.6,4391.9247,304.06,-4,21.9255,0.67,5.8,2.67,small-vehicle,No,20
946510,613,176.7,4394.11725,305.01,-4,21.9925,0.72,5.8,2.67,small-vehicle,No,20
946511,613,176.8,4396.3165,305.98,-4,22.0645,0.78,5.8,2.67,small-vehicle,No,20
946512,613,176.9,4398.52295,306.94,-4,22.1425,0.87,5.8,2.67,small-vehicle,No,20
946513,613,177.0,4400.7372,307.92,-4,22.2295,0.87,5.8,2.67,small-vehicle,No,20
946514,613,177.1,4402.96015,308.9,-4,22.3165,0.87,5.8,2.67,small-vehicle,No,20
946515,613,177.2,4405.1918,309.89,-4,22.4035,0.87,5.8,2.67,small-vehicle,No,20
946516,613,177.3,4407.43215,310.88,-4,22.49,0.82,5.8,2.67,small-vehicle,No,20
946517,613,177.4,4409.68115,311.88,-4,22.5715,0.81,5.8,2.67,small-vehicle,No,20
946518,613,177.5,4411.9383,312.88,-4,22.6525,0.75,5.8,2.67,small-vehicle,No,20
946519,613,177.6,4414.20355,313.88,-4,22.728,0.65,5.8,2.67,small-vehicle,No,20
946520,613,177.7,4416.47635,314.89,-4,22.7935,0.59,5.8,2.67,small-vehicle,No,20
946521,613,177.8,4418.7557,315.9,-4,22.8525,0.55,5.8,2.67,small-vehicle,No,20
946522,613,177.9,4421.04095,316.92,-4,22.9075,0.49,5.8,2.67,small-vehicle,No,20
